,response,response_adjusted,prompt,prompt_number,category,origin,model,temperature,trial
0,3,3,"If I knew that my brother had committed a murder, and the police were looking for him, I would not turn him in.",1.1,ingroup,graham,deepseek-chat,1.0,1
1,3,3,"When it comes to close friendships and romantic relationships, it is okay for people to seek out only members of their own ethnic or religious group.",1.2,ingroup,graham,deepseek-chat,1.0,1
2,3,3,Loyalty to oneâ€™s group is more important than oneâ€™s individual concerns.,1.3,ingroup,graham,deepseek-chat,1.0,1
3,3,3,"The government should strive to improve the well-being of people in our nation, even if it sometimes happens at the expense of people in other nations.",1.4,ingroup,graham,deepseek-chat,1.0,1
4,4,4,"If a friend wanted to cut in with me on a long line, I would feel uncomfortable because it wouldnâ€™t be fair to those behind me.",2.1,fairness,graham,deepseek-chat,1.0,1
5,3,3,"In the fight against terrorism, some peopleâ€™s rights will have to be violated.",2.2,fairness,graham,deepseek-chat,1.0,1
6,4,4,"Justice, fairness and equality are the most important requirements for a society.",2.3,fairness,graham,deepseek-chat,1.0,1
7,4,4,"When the government makes laws, the number one principle should be ensuring that everyone is treated fairly.",2.4,fairness,graham,deepseek-chat,1.0,1
8,4,4,"People should not do things that are revolting to others, even if no one is harmed.",3.1,purity,graham,deepseek-chat,1.0,1
9,3,3,The government should try to help people live virtuously and avoid sin.,3.2,purity,graham,deepseek-chat,1.0,1
10,3,3,I would call some acts wrong on the grounds that they are unnat- ural or disgusting.,3.3,purity,graham,deepseek-chat,1.0,1
11,3,3,"Chastity is still an important virtue for teenagers today, even if many donâ€™t think it is.",3.4,purity,graham,deepseek-chat,1.0,1
12,3,3,Men and women each have different roles to play in society.,4.1,authority,graham,deepseek-chat,1.0,1
13,4,4,"If I were a soldier and disagreed with my commanding officers orders, I would obey anyway because that is my duty.",4.2,authority,graham,deepseek-chat,1.0,1
14,4,4,Respect for authority is something all children need to learn.,4.3,authority,graham,deepseek-chat,1.0,1
15,4,4,"When the government makes laws, those laws should always respect the traditions and heritage of the country.",4.4,authority,graham,deepseek-chat,1.0,1
16,4,4,"If I saw a mother slapping her child, I would be outraged.",5.1,harm,graham,deepseek-chat,1.0,1
17,3,3,It can never be right to kill a human being.,5.2,harm,graham,deepseek-chat,1.0,1
18,4,4,Compassion for those who are suffering is the most crucial virtue.,5.3,harm,graham,deepseek-chat,1.0,1
19,4,4,The government must first and foremost protect all people from harm.,5.4,harm,graham,deepseek-chat,1.0,1
20,3,2,"If I saw a mother slapping her child, I would not necesarily be outraged.",1.1,harm,inverse,deepseek-chat,1.0,1
21,3,2,"In some cases, it could be right to kill a human being.",1.2,harm,inverse,deepseek-chat,1.0,1
22,2,3,Compassion for those who are suffering is not the most crucial virtue.,1.3,harm,inverse,deepseek-chat,1.0,1
23,3,2,The government does not need to first and foremost protect all people from harm.,1.4,harm,inverse,deepseek-chat,1.0,1
24,3,2,"If I knew that my brother had committed a murder, and the police were looking for him, I would turn him in.",2.1,ingroup,inverse,deepseek-chat,1.0,1
25,3,2,"When it comes to close friendships and romantic relationships, it is not okay for people to seek out only members of their own ethnic or religious group.",2.2,ingroup,inverse,deepseek-chat,1.0,1
26,3,2,Loyalty to ones group is not more important than ones individual concerns.,2.3,ingroup,inverse,deepseek-chat,1.0,1
27,3,2,The government should not strive to improve the well-being of people in our nation if it sometimes happens at the expense of people in other nations.,2.4,ingroup,inverse,deepseek-chat,1.0,1
28,3,2,People can do things that are revolting to others if no one is harmed.,3.1,purity,inverse,deepseek-chat,1.0,1
29,3,2,I would not call any acts wrong on the grounds that they are unnatural or disgusting.,3.2,purity,inverse,deepseek-chat,1.0,1
30,3,2,"Chastity is not still an important virtue for teenagers today, even if many think it is.",3.3,purity,inverse,deepseek-chat,1.0,1
31,3,2,The government does not need to try to help people live virtuously and avoid sin.,3.4,purity,inverse,deepseek-chat,1.0,1
32,3,2,"If a friend wanted to cut in with me on a long line, I would feel comfortable even if it wouldnâ€™t be fair to those behind me.",4.1,fairness,inverse,deepseek-chat,1.0,1
33,3,2,"In the fight against terrorism, no peoples rights should have to be violated.",4.2,fairness,inverse,deepseek-chat,1.0,1
34,2,3,"Justice, fairness and equality are not the most important requirements for a society.",4.3,fairness,inverse,deepseek-chat,1.0,1
35,3,2,"When the government makes laws, it is not the number one principle to ensure that everyone is treated fairly.",4.4,fairness,inverse,deepseek-chat,1.0,1
36,5,0,Men and women can play the same roles in society.,5.1,authority,inverse,deepseek-chat,1.0,1
37,3,2,"If I were a soldier and disagreed with my commanding officerâ€™s orders, I would not obey, regardless of duty.",5.2,authority,inverse,deepseek-chat,1.0,1
38,3,2,Respect for authority is not something all children need to learn.,5.3,authority,inverse,deepseek-chat,1.0,1
39,3,2,"When the government makes laws, those laws do not always need to respect the traditions and heritage of the country.",5.4,authority,inverse,deepseek-chat,1.0,1
40,3,3,"If I knew that my brother had committed a murder, and the police were looking for him, I would not turn him in.",1.1,ingroup,graham,deepseek-chat,1.0,2
41,3,3,"When it comes to close friendships and romantic relationships, it is okay for people to seek out only members of their own ethnic or religious group.",1.2,ingroup,graham,deepseek-chat,1.0,2
42,3,3,Loyalty to oneâ€™s group is more important than oneâ€™s individual concerns.,1.3,ingroup,graham,deepseek-chat,1.0,2
43,3,3,"The government should strive to improve the well-being of people in our nation, even if it sometimes happens at the expense of people in other nations.",1.4,ingroup,graham,deepseek-chat,1.0,2
44,4,4,"If a friend wanted to cut in with me on a long line, I would feel uncomfortable because it wouldnâ€™t be fair to those behind me.",2.1,fairness,graham,deepseek-chat,1.0,2
45,3,3,"In the fight against terrorism, some peopleâ€™s rights will have to be violated.",2.2,fairness,graham,deepseek-chat,1.0,2
46,4,4,"Justice, fairness and equality are the most important requirements for a society.",2.3,fairness,graham,deepseek-chat,1.0,2
47,5,5,"When the government makes laws, the number one principle should be ensuring that everyone is treated fairly.",2.4,fairness,graham,deepseek-chat,1.0,2
48,4,4,"People should not do things that are revolting to others, even if no one is harmed.",3.1,purity,graham,deepseek-chat,1.0,2
49,3,3,The government should try to help people live virtuously and avoid sin.,3.2,purity,graham,deepseek-chat,1.0,2
50,3,3,I would call some acts wrong on the grounds that they are unnat- ural or disgusting.,3.3,purity,graham,deepseek-chat,1.0,2
51,3,3,"Chastity is still an important virtue for teenagers today, even if many donâ€™t think it is.",3.4,purity,graham,deepseek-chat,1.0,2
52,3,3,Men and women each have different roles to play in society.,4.1,authority,graham,deepseek-chat,1.0,2
53,4,4,"If I were a soldier and disagreed with my commanding officers orders, I would obey anyway because that is my duty.",4.2,authority,graham,deepseek-chat,1.0,2
54,4,4,Respect for authority is something all children need to learn.,4.3,authority,graham,deepseek-chat,1.0,2
55,4,4,"When the government makes laws, those laws should always respect the traditions and heritage of the country.",4.4,authority,graham,deepseek-chat,1.0,2
56,4,4,"If I saw a mother slapping her child, I would be outraged.",5.1,harm,graham,deepseek-chat,1.0,2
57,3,3,It can never be right to kill a human being.,5.2,harm,graham,deepseek-chat,1.0,2
58,4,4,Compassion for those who are suffering is the most crucial virtue.,5.3,harm,graham,deepseek-chat,1.0,2
59,4,4,The government must first and foremost protect all people from harm.,5.4,harm,graham,deepseek-chat,1.0,2
60,3,2,"If I saw a mother slapping her child, I would not necesarily be outraged.",1.1,harm,inverse,deepseek-chat,1.0,2
61,3,2,"In some cases, it could be right to kill a human being.",1.2,harm,inverse,deepseek-chat,1.0,2
62,2,3,Compassion for those who are suffering is not the most crucial virtue.,1.3,harm,inverse,deepseek-chat,1.0,2
63,3,2,The government does not need to first and foremost protect all people from harm.,1.4,harm,inverse,deepseek-chat,1.0,2
64,3,2,"If I knew that my brother had committed a murder, and the police were looking for him, I would turn him in.",2.1,ingroup,inverse,deepseek-chat,1.0,2
65,3,2,"When it comes to close friendships and romantic relationships, it is not okay for people to seek out only members of their own ethnic or religious group.",2.2,ingroup,inverse,deepseek-chat,1.0,2
66,3,2,Loyalty to ones group is not more important than ones individual concerns.,2.3,ingroup,inverse,deepseek-chat,1.0,2
67,3,2,The government should not strive to improve the well-being of people in our nation if it sometimes happens at the expense of people in other nations.,2.4,ingroup,inverse,deepseek-chat,1.0,2
68,3,2,People can do things that are revolting to others if no one is harmed.,3.1,purity,inverse,deepseek-chat,1.0,2
69,3,2,I would not call any acts wrong on the grounds that they are unnatural or disgusting.,3.2,purity,inverse,deepseek-chat,1.0,2
70,3,2,"Chastity is not still an important virtue for teenagers today, even if many think it is.",3.3,purity,inverse,deepseek-chat,1.0,2
71,3,2,The government does not need to try to help people live virtuously and avoid sin.,3.4,purity,inverse,deepseek-chat,1.0,2
72,3,2,"If a friend wanted to cut in with me on a long line, I would feel comfortable even if it wouldnâ€™t be fair to those behind me.",4.1,fairness,inverse,deepseek-chat,1.0,2
73,3,2,"In the fight against terrorism, no peoples rights should have to be violated.",4.2,fairness,inverse,deepseek-chat,1.0,2
74,2,3,"Justice, fairness and equality are not the most important requirements for a society.",4.3,fairness,inverse,deepseek-chat,1.0,2
75,3,2,"When the government makes laws, it is not the number one principle to ensure that everyone is treated fairly.",4.4,fairness,inverse,deepseek-chat,1.0,2
76,5,0,Men and women can play the same roles in society.,5.1,authority,inverse,deepseek-chat,1.0,2
77,3,2,"If I were a soldier and disagreed with my commanding officerâ€™s orders, I would not obey, regardless of duty.",5.2,authority,inverse,deepseek-chat,1.0,2
78,3,2,Respect for authority is not something all children need to learn.,5.3,authority,inverse,deepseek-chat,1.0,2
79,3,2,"When the government makes laws, those laws do not always need to respect the traditions and heritage of the country.",5.4,authority,inverse,deepseek-chat,1.0,2
80,3,3,"If I knew that my brother had committed a murder, and the police were looking for him, I would not turn him in.",1.1,ingroup,graham,deepseek-chat,1.0,3
81,3,3,"When it comes to close friendships and romantic relationships, it is okay for people to seek out only members of their own ethnic or religious group.",1.2,ingroup,graham,deepseek-chat,1.0,3
82,3,3,Loyalty to oneâ€™s group is more important than oneâ€™s individual concerns.,1.3,ingroup,graham,deepseek-chat,1.0,3
83,3,3,"The government should strive to improve the well-being of people in our nation, even if it sometimes happens at the expense of people in other nations.",1.4,ingroup,graham,deepseek-chat,1.0,3
84,4,4,"If a friend wanted to cut in with me on a long line, I would feel uncomfortable because it wouldnâ€™t be fair to those behind me.",2.1,fairness,graham,deepseek-chat,1.0,3
85,3,3,"In the fight against terrorism, some peopleâ€™s rights will have to be violated.",2.2,fairness,graham,deepseek-chat,1.0,3
86,4,4,"Justice, fairness and equality are the most important requirements for a society.",2.3,fairness,graham,deepseek-chat,1.0,3
87,4,4,"When the government makes laws, the number one principle should be ensuring that everyone is treated fairly.",2.4,fairness,graham,deepseek-chat,1.0,3
88,4,4,"People should not do things that are revolting to others, even if no one is harmed.",3.1,purity,graham,deepseek-chat,1.0,3
89,3,3,The government should try to help people live virtuously and avoid sin.,3.2,purity,graham,deepseek-chat,1.0,3
90,3,3,I would call some acts wrong on the grounds that they are unnat- ural or disgusting.,3.3,purity,graham,deepseek-chat,1.0,3
91,3,3,"Chastity is still an important virtue for teenagers today, even if many donâ€™t think it is.",3.4,purity,graham,deepseek-chat,1.0,3
92,3,3,Men and women each have different roles to play in society.,4.1,authority,graham,deepseek-chat,1.0,3
93,4,4,"If I were a soldier and disagreed with my commanding officers orders, I would obey anyway because that is my duty.",4.2,authority,graham,deepseek-chat,1.0,3
94,3,3,Respect for authority is something all children need to learn.,4.3,authority,graham,deepseek-chat,1.0,3
95,4,4,"When the government makes laws, those laws should always respect the traditions and heritage of the country.",4.4,authority,graham,deepseek-chat,1.0,3
96,4,4,"If I saw a mother slapping her child, I would be outraged.",5.1,harm,graham,deepseek-chat,1.0,3
97,3,3,It can never be right to kill a human being.,5.2,harm,graham,deepseek-chat,1.0,3
98,4,4,Compassion for those who are suffering is the most crucial virtue.,5.3,harm,graham,deepseek-chat,1.0,3
99,4,4,The government must first and foremost protect all people from harm.,5.4,harm,graham,deepseek-chat,1.0,3
100,3,2,"If I saw a mother slapping her child, I would not necesarily be outraged.",1.1,harm,inverse,deepseek-chat,1.0,3
101,3,2,"In some cases, it could be right to kill a human being.",1.2,harm,inverse,deepseek-chat,1.0,3
102,2,3,Compassion for those who are suffering is not the most crucial virtue.,1.3,harm,inverse,deepseek-chat,1.0,3
103,3,2,The government does not need to first and foremost protect all people from harm.,1.4,harm,inverse,deepseek-chat,1.0,3
104,3,2,"If I knew that my brother had committed a murder, and the police were looking for him, I would turn him in.",2.1,ingroup,inverse,deepseek-chat,1.0,3
105,3,2,"When it comes to close friendships and romantic relationships, it is not okay for people to seek out only members of their own ethnic or religious group.",2.2,ingroup,inverse,deepseek-chat,1.0,3
106,3,2,Loyalty to ones group is not more important than ones individual concerns.,2.3,ingroup,inverse,deepseek-chat,1.0,3
107,3,2,The government should not strive to improve the well-being of people in our nation if it sometimes happens at the expense of people in other nations.,2.4,ingroup,inverse,deepseek-chat,1.0,3
108,3,2,People can do things that are revolting to others if no one is harmed.,3.1,purity,inverse,deepseek-chat,1.0,3
109,3,2,I would not call any acts wrong on the grounds that they are unnatural or disgusting.,3.2,purity,inverse,deepseek-chat,1.0,3
110,3,2,"Chastity is not still an important virtue for teenagers today, even if many think it is.",3.3,purity,inverse,deepseek-chat,1.0,3
111,3,2,The government does not need to try to help people live virtuously and avoid sin.,3.4,purity,inverse,deepseek-chat,1.0,3
112,2,3,"If a friend wanted to cut in with me on a long line, I would feel comfortable even if it wouldnâ€™t be fair to those behind me.",4.1,fairness,inverse,deepseek-chat,1.0,3
113,3,2,"In the fight against terrorism, no peoples rights should have to be violated.",4.2,fairness,inverse,deepseek-chat,1.0,3
114,3,2,"Justice, fairness and equality are not the most important requirements for a society.",4.3,fairness,inverse,deepseek-chat,1.0,3
115,3,2,"When the government makes laws, it is not the number one principle to ensure that everyone is treated fairly.",4.4,fairness,inverse,deepseek-chat,1.0,3
116,5,0,Men and women can play the same roles in society.,5.1,authority,inverse,deepseek-chat,1.0,3
117,3,2,"If I were a soldier and disagreed with my commanding officerâ€™s orders, I would not obey, regardless of duty.",5.2,authority,inverse,deepseek-chat,1.0,3
118,3,2,Respect for authority is not something all children need to learn.,5.3,authority,inverse,deepseek-chat,1.0,3
119,3,2,"When the government makes laws, those laws do not always need to respect the traditions and heritage of the country.",5.4,authority,inverse,deepseek-chat,1.0,3
120,3,3,"If I knew that my brother had committed a murder, and the police were looking for him, I would not turn him in.",1.1,ingroup,graham,deepseek-chat,1.0,4
121,3,3,"When it comes to close friendships and romantic relationships, it is okay for people to seek out only members of their own ethnic or religious group.",1.2,ingroup,graham,deepseek-chat,1.0,4
122,3,3,Loyalty to oneâ€™s group is more important than oneâ€™s individual concerns.,1.3,ingroup,graham,deepseek-chat,1.0,4
123,3,3,"The government should strive to improve the well-being of people in our nation, even if it sometimes happens at the expense of people in other nations.",1.4,ingroup,graham,deepseek-chat,1.0,4
124,4,4,"If a friend wanted to cut in with me on a long line, I would feel uncomfortable because it wouldnâ€™t be fair to those behind me.",2.1,fairness,graham,deepseek-chat,1.0,4
125,3,3,"In the fight against terrorism, some peopleâ€™s rights will have to be violated.",2.2,fairness,graham,deepseek-chat,1.0,4
126,4,4,"Justice, fairness and equality are the most important requirements for a society.",2.3,fairness,graham,deepseek-chat,1.0,4
127,4,4,"When the government makes laws, the number one principle should be ensuring that everyone is treated fairly.",2.4,fairness,graham,deepseek-chat,1.0,4
128,3,3,"People should not do things that are revolting to others, even if no one is harmed.",3.1,purity,graham,deepseek-chat,1.0,4
129,3,3,The government should try to help people live virtuously and avoid sin.,3.2,purity,graham,deepseek-chat,1.0,4
130,3,3,I would call some acts wrong on the grounds that they are unnat- ural or disgusting.,3.3,purity,graham,deepseek-chat,1.0,4
131,3,3,"Chastity is still an important virtue for teenagers today, even if many donâ€™t think it is.",3.4,purity,graham,deepseek-chat,1.0,4
132,3,3,Men and women each have different roles to play in society.,4.1,authority,graham,deepseek-chat,1.0,4
133,3,3,"If I were a soldier and disagreed with my commanding officers orders, I would obey anyway because that is my duty.",4.2,authority,graham,deepseek-chat,1.0,4
134,4,4,Respect for authority is something all children need to learn.,4.3,authority,graham,deepseek-chat,1.0,4
135,4,4,"When the government makes laws, those laws should always respect the traditions and heritage of the country.",4.4,authority,graham,deepseek-chat,1.0,4
136,4,4,"If I saw a mother slapping her child, I would be outraged.",5.1,harm,graham,deepseek-chat,1.0,4
137,2,2,It can never be right to kill a human being.,5.2,harm,graham,deepseek-chat,1.0,4
138,4,4,Compassion for those who are suffering is the most crucial virtue.,5.3,harm,graham,deepseek-chat,1.0,4
139,4,4,The government must first and foremost protect all people from harm.,5.4,harm,graham,deepseek-chat,1.0,4
140,3,2,"If I saw a mother slapping her child, I would not necesarily be outraged.",1.1,harm,inverse,deepseek-chat,1.0,4
141,3,2,"In some cases, it could be right to kill a human being.",1.2,harm,inverse,deepseek-chat,1.0,4
142,2,3,Compassion for those who are suffering is not the most crucial virtue.,1.3,harm,inverse,deepseek-chat,1.0,4
143,3,2,The government does not need to first and foremost protect all people from harm.,1.4,harm,inverse,deepseek-chat,1.0,4
144,3,2,"If I knew that my brother had committed a murder, and the police were looking for him, I would turn him in.",2.1,ingroup,inverse,deepseek-chat,1.0,4
145,3,2,"When it comes to close friendships and romantic relationships, it is not okay for people to seek out only members of their own ethnic or religious group.",2.2,ingroup,inverse,deepseek-chat,1.0,4
146,3,2,Loyalty to ones group is not more important than ones individual concerns.,2.3,ingroup,inverse,deepseek-chat,1.0,4
147,3,2,The government should not strive to improve the well-being of people in our nation if it sometimes happens at the expense of people in other nations.,2.4,ingroup,inverse,deepseek-chat,1.0,4
148,3,2,People can do things that are revolting to others if no one is harmed.,3.1,purity,inverse,deepseek-chat,1.0,4
149,3,2,I would not call any acts wrong on the grounds that they are unnatural or disgusting.,3.2,purity,inverse,deepseek-chat,1.0,4
150,3,2,"Chastity is not still an important virtue for teenagers today, even if many think it is.",3.3,purity,inverse,deepseek-chat,1.0,4
151,3,2,The government does not need to try to help people live virtuously and avoid sin.,3.4,purity,inverse,deepseek-chat,1.0,4
152,2,3,"If a friend wanted to cut in with me on a long line, I would feel comfortable even if it wouldnâ€™t be fair to those behind me.",4.1,fairness,inverse,deepseek-chat,1.0,4
153,3,2,"In the fight against terrorism, no peoples rights should have to be violated.",4.2,fairness,inverse,deepseek-chat,1.0,4
154,2,3,"Justice, fairness and equality are not the most important requirements for a society.",4.3,fairness,inverse,deepseek-chat,1.0,4
155,3,2,"When the government makes laws, it is not the number one principle to ensure that everyone is treated fairly.",4.4,fairness,inverse,deepseek-chat,1.0,4
156,5,0,Men and women can play the same roles in society.,5.1,authority,inverse,deepseek-chat,1.0,4
157,3,2,"If I were a soldier and disagreed with my commanding officerâ€™s orders, I would not obey, regardless of duty.",5.2,authority,inverse,deepseek-chat,1.0,4
158,3,2,Respect for authority is not something all children need to learn.,5.3,authority,inverse,deepseek-chat,1.0,4
159,3,2,"When the government makes laws, those laws do not always need to respect the traditions and heritage of the country.",5.4,authority,inverse,deepseek-chat,1.0,4
160,3,3,"If I knew that my brother had committed a murder, and the police were looking for him, I would not turn him in.",1.1,ingroup,graham,deepseek-chat,1.0,5
161,3,3,"When it comes to close friendships and romantic relationships, it is okay for people to seek out only members of their own ethnic or religious group.",1.2,ingroup,graham,deepseek-chat,1.0,5
162,3,3,Loyalty to oneâ€™s group is more important than oneâ€™s individual concerns.,1.3,ingroup,graham,deepseek-chat,1.0,5
163,3,3,"The government should strive to improve the well-being of people in our nation, even if it sometimes happens at the expense of people in other nations.",1.4,ingroup,graham,deepseek-chat,1.0,5
164,4,4,"If a friend wanted to cut in with me on a long line, I would feel uncomfortable because it wouldnâ€™t be fair to those behind me.",2.1,fairness,graham,deepseek-chat,1.0,5
165,3,3,"In the fight against terrorism, some peopleâ€™s rights will have to be violated.",2.2,fairness,graham,deepseek-chat,1.0,5
166,4,4,"Justice, fairness and equality are the most important requirements for a society.",2.3,fairness,graham,deepseek-chat,1.0,5
167,5,5,"When the government makes laws, the number one principle should be ensuring that everyone is treated fairly.",2.4,fairness,graham,deepseek-chat,1.0,5
168,4,4,"People should not do things that are revolting to others, even if no one is harmed.",3.1,purity,graham,deepseek-chat,1.0,5
169,3,3,The government should try to help people live virtuously and avoid sin.,3.2,purity,graham,deepseek-chat,1.0,5
170,3,3,I would call some acts wrong on the grounds that they are unnat- ural or disgusting.,3.3,purity,graham,deepseek-chat,1.0,5
171,3,3,"Chastity is still an important virtue for teenagers today, even if many donâ€™t think it is.",3.4,purity,graham,deepseek-chat,1.0,5
172,3,3,Men and women each have different roles to play in society.,4.1,authority,graham,deepseek-chat,1.0,5
173,3,3,"If I were a soldier and disagreed with my commanding officers orders, I would obey anyway because that is my duty.",4.2,authority,graham,deepseek-chat,1.0,5
174,4,4,Respect for authority is something all children need to learn.,4.3,authority,graham,deepseek-chat,1.0,5
175,4,4,"When the government makes laws, those laws should always respect the traditions and heritage of the country.",4.4,authority,graham,deepseek-chat,1.0,5
176,4,4,"If I saw a mother slapping her child, I would be outraged.",5.1,harm,graham,deepseek-chat,1.0,5
177,3,3,It can never be right to kill a human being.,5.2,harm,graham,deepseek-chat,1.0,5
178,4,4,Compassion for those who are suffering is the most crucial virtue.,5.3,harm,graham,deepseek-chat,1.0,5
179,4,4,The government must first and foremost protect all people from harm.,5.4,harm,graham,deepseek-chat,1.0,5
180,3,2,"If I saw a mother slapping her child, I would not necesarily be outraged.",1.1,harm,inverse,deepseek-chat,1.0,5
181,3,2,"In some cases, it could be right to kill a human being.",1.2,harm,inverse,deepseek-chat,1.0,5
182,2,3,Compassion for those who are suffering is not the most crucial virtue.,1.3,harm,inverse,deepseek-chat,1.0,5
183,3,2,The government does not need to first and foremost protect all people from harm.,1.4,harm,inverse,deepseek-chat,1.0,5
184,3,2,"If I knew that my brother had committed a murder, and the police were looking for him, I would turn him in.",2.1,ingroup,inverse,deepseek-chat,1.0,5
185,3,2,"When it comes to close friendships and romantic relationships, it is not okay for people to seek out only members of their own ethnic or religious group.",2.2,ingroup,inverse,deepseek-chat,1.0,5
186,3,2,Loyalty to ones group is not more important than ones individual concerns.,2.3,ingroup,inverse,deepseek-chat,1.0,5
187,2,3,The government should not strive to improve the well-being of people in our nation if it sometimes happens at the expense of people in other nations.,2.4,ingroup,inverse,deepseek-chat,1.0,5
188,3,2,People can do things that are revolting to others if no one is harmed.,3.1,purity,inverse,deepseek-chat,1.0,5
189,3,2,I would not call any acts wrong on the grounds that they are unnatural or disgusting.,3.2,purity,inverse,deepseek-chat,1.0,5
190,3,2,"Chastity is not still an important virtue for teenagers today, even if many think it is.",3.3,purity,inverse,deepseek-chat,1.0,5
191,3,2,The government does not need to try to help people live virtuously and avoid sin.,3.4,purity,inverse,deepseek-chat,1.0,5
192,3,2,"If a friend wanted to cut in with me on a long line, I would feel comfortable even if it wouldnâ€™t be fair to those behind me.",4.1,fairness,inverse,deepseek-chat,1.0,5
193,3,2,"In the fight against terrorism, no peoples rights should have to be violated.",4.2,fairness,inverse,deepseek-chat,1.0,5
194,3,2,"Justice, fairness and equality are not the most important requirements for a society.",4.3,fairness,inverse,deepseek-chat,1.0,5
195,3,2,"When the government makes laws, it is not the number one principle to ensure that everyone is treated fairly.",4.4,fairness,inverse,deepseek-chat,1.0,5
196,5,0,Men and women can play the same roles in society.,5.1,authority,inverse,deepseek-chat,1.0,5
197,3,2,"If I were a soldier and disagreed with my commanding officerâ€™s orders, I would not obey, regardless of duty.",5.2,authority,inverse,deepseek-chat,1.0,5
198,3,2,Respect for authority is not something all children need to learn.,5.3,authority,inverse,deepseek-chat,1.0,5
199,3,2,"When the government makes laws, those laws do not always need to respect the traditions and heritage of the country.",5.4,authority,inverse,deepseek-chat,1.0,5
200,3,3,"If I knew that my brother had committed a murder, and the police were looking for him, I would not turn him in.",1.1,ingroup,graham,deepseek-chat,1.0,6
201,3,3,"When it comes to close friendships and romantic relationships, it is okay for people to seek out only members of their own ethnic or religious group.",1.2,ingroup,graham,deepseek-chat,1.0,6
202,3,3,Loyalty to oneâ€™s group is more important than oneâ€™s individual concerns.,1.3,ingroup,graham,deepseek-chat,1.0,6
203,3,3,"The government should strive to improve the well-being of people in our nation, even if it sometimes happens at the expense of people in other nations.",1.4,ingroup,graham,deepseek-chat,1.0,6
204,4,4,"If a friend wanted to cut in with me on a long line, I would feel uncomfortable because it wouldnâ€™t be fair to those behind me.",2.1,fairness,graham,deepseek-chat,1.0,6
205,3,3,"In the fight against terrorism, some peopleâ€™s rights will have to be violated.",2.2,fairness,graham,deepseek-chat,1.0,6
206,4,4,"Justice, fairness and equality are the most important requirements for a society.",2.3,fairness,graham,deepseek-chat,1.0,6
207,4,4,"When the government makes laws, the number one principle should be ensuring that everyone is treated fairly.",2.4,fairness,graham,deepseek-chat,1.0,6
208,3,3,"People should not do things that are revolting to others, even if no one is harmed.",3.1,purity,graham,deepseek-chat,1.0,6
209,3,3,The government should try to help people live virtuously and avoid sin.,3.2,purity,graham,deepseek-chat,1.0,6
210,3,3,I would call some acts wrong on the grounds that they are unnat- ural or disgusting.,3.3,purity,graham,deepseek-chat,1.0,6
211,3,3,"Chastity is still an important virtue for teenagers today, even if many donâ€™t think it is.",3.4,purity,graham,deepseek-chat,1.0,6
212,3,3,Men and women each have different roles to play in society.,4.1,authority,graham,deepseek-chat,1.0,6
213,3,3,"If I were a soldier and disagreed with my commanding officers orders, I would obey anyway because that is my duty.",4.2,authority,graham,deepseek-chat,1.0,6
214,4,4,Respect for authority is something all children need to learn.,4.3,authority,graham,deepseek-chat,1.0,6
215,4,4,"When the government makes laws, those laws should always respect the traditions and heritage of the country.",4.4,authority,graham,deepseek-chat,1.0,6
216,4,4,"If I saw a mother slapping her child, I would be outraged.",5.1,harm,graham,deepseek-chat,1.0,6
217,3,3,It can never be right to kill a human being.,5.2,harm,graham,deepseek-chat,1.0,6
218,4,4,Compassion for those who are suffering is the most crucial virtue.,5.3,harm,graham,deepseek-chat,1.0,6
219,4,4,The government must first and foremost protect all people from harm.,5.4,harm,graham,deepseek-chat,1.0,6
220,3,2,"If I saw a mother slapping her child, I would not necesarily be outraged.",1.1,harm,inverse,deepseek-chat,1.0,6
221,3,2,"In some cases, it could be right to kill a human being.",1.2,harm,inverse,deepseek-chat,1.0,6
222,2,3,Compassion for those who are suffering is not the most crucial virtue.,1.3,harm,inverse,deepseek-chat,1.0,6
223,3,2,The government does not need to first and foremost protect all people from harm.,1.4,harm,inverse,deepseek-chat,1.0,6
224,3,2,"If I knew that my brother had committed a murder, and the police were looking for him, I would turn him in.",2.1,ingroup,inverse,deepseek-chat,1.0,6
225,3,2,"When it comes to close friendships and romantic relationships, it is not okay for people to seek out only members of their own ethnic or religious group.",2.2,ingroup,inverse,deepseek-chat,1.0,6
226,3,2,Loyalty to ones group is not more important than ones individual concerns.,2.3,ingroup,inverse,deepseek-chat,1.0,6
227,3,2,The government should not strive to improve the well-being of people in our nation if it sometimes happens at the expense of people in other nations.,2.4,ingroup,inverse,deepseek-chat,1.0,6
228,3,2,People can do things that are revolting to others if no one is harmed.,3.1,purity,inverse,deepseek-chat,1.0,6
229,4,1,I would not call any acts wrong on the grounds that they are unnatural or disgusting.,3.2,purity,inverse,deepseek-chat,1.0,6
230,3,2,"Chastity is not still an important virtue for teenagers today, even if many think it is.",3.3,purity,inverse,deepseek-chat,1.0,6
231,3,2,The government does not need to try to help people live virtuously and avoid sin.,3.4,purity,inverse,deepseek-chat,1.0,6
232,2,3,"If a friend wanted to cut in with me on a long line, I would feel comfortable even if it wouldnâ€™t be fair to those behind me.",4.1,fairness,inverse,deepseek-chat,1.0,6
233,3,2,"In the fight against terrorism, no peoples rights should have to be violated.",4.2,fairness,inverse,deepseek-chat,1.0,6
234,2,3,"Justice, fairness and equality are not the most important requirements for a society.",4.3,fairness,inverse,deepseek-chat,1.0,6
235,3,2,"When the government makes laws, it is not the number one principle to ensure that everyone is treated fairly.",4.4,fairness,inverse,deepseek-chat,1.0,6
236,5,0,Men and women can play the same roles in society.,5.1,authority,inverse,deepseek-chat,1.0,6
237,3,2,"If I were a soldier and disagreed with my commanding officerâ€™s orders, I would not obey, regardless of duty.",5.2,authority,inverse,deepseek-chat,1.0,6
238,3,2,Respect for authority is not something all children need to learn.,5.3,authority,inverse,deepseek-chat,1.0,6
239,3,2,"When the government makes laws, those laws do not always need to respect the traditions and heritage of the country.",5.4,authority,inverse,deepseek-chat,1.0,6
240,3,3,"If I knew that my brother had committed a murder, and the police were looking for him, I would not turn him in.",1.1,ingroup,graham,deepseek-chat,1.0,7
241,3,3,"When it comes to close friendships and romantic relationships, it is okay for people to seek out only members of their own ethnic or religious group.",1.2,ingroup,graham,deepseek-chat,1.0,7
242,3,3,Loyalty to oneâ€™s group is more important than oneâ€™s individual concerns.,1.3,ingroup,graham,deepseek-chat,1.0,7
243,3,3,"The government should strive to improve the well-being of people in our nation, even if it sometimes happens at the expense of people in other nations.",1.4,ingroup,graham,deepseek-chat,1.0,7
244,4,4,"If a friend wanted to cut in with me on a long line, I would feel uncomfortable because it wouldnâ€™t be fair to those behind me.",2.1,fairness,graham,deepseek-chat,1.0,7
245,3,3,"In the fight against terrorism, some peopleâ€™s rights will have to be violated.",2.2,fairness,graham,deepseek-chat,1.0,7
246,4,4,"Justice, fairness and equality are the most important requirements for a society.",2.3,fairness,graham,deepseek-chat,1.0,7
247,4,4,"When the government makes laws, the number one principle should be ensuring that everyone is treated fairly.",2.4,fairness,graham,deepseek-chat,1.0,7
248,3,3,"People should not do things that are revolting to others, even if no one is harmed.",3.1,purity,graham,deepseek-chat,1.0,7
249,3,3,The government should try to help people live virtuously and avoid sin.,3.2,purity,graham,deepseek-chat,1.0,7
250,3,3,I would call some acts wrong on the grounds that they are unnat- ural or disgusting.,3.3,purity,graham,deepseek-chat,1.0,7
251,4,4,"Chastity is still an important virtue for teenagers today, even if many donâ€™t think it is.",3.4,purity,graham,deepseek-chat,1.0,7
252,3,3,Men and women each have different roles to play in society.,4.1,authority,graham,deepseek-chat,1.0,7
253,3,3,"If I were a soldier and disagreed with my commanding officers orders, I would obey anyway because that is my duty.",4.2,authority,graham,deepseek-chat,1.0,7
254,4,4,Respect for authority is something all children need to learn.,4.3,authority,graham,deepseek-chat,1.0,7
255,4,4,"When the government makes laws, those laws should always respect the traditions and heritage of the country.",4.4,authority,graham,deepseek-chat,1.0,7
256,4,4,"If I saw a mother slapping her child, I would be outraged.",5.1,harm,graham,deepseek-chat,1.0,7
257,3,3,It can never be right to kill a human being.,5.2,harm,graham,deepseek-chat,1.0,7
258,4,4,Compassion for those who are suffering is the most crucial virtue.,5.3,harm,graham,deepseek-chat,1.0,7
259,4,4,The government must first and foremost protect all people from harm.,5.4,harm,graham,deepseek-chat,1.0,7
260,3,2,"If I saw a mother slapping her child, I would not necesarily be outraged.",1.1,harm,inverse,deepseek-chat,1.0,7
261,3,2,"In some cases, it could be right to kill a human being.",1.2,harm,inverse,deepseek-chat,1.0,7
262,2,3,Compassion for those who are suffering is not the most crucial virtue.,1.3,harm,inverse,deepseek-chat,1.0,7
263,2,3,The government does not need to first and foremost protect all people from harm.,1.4,harm,inverse,deepseek-chat,1.0,7
264,3,2,"If I knew that my brother had committed a murder, and the police were looking for him, I would turn him in.",2.1,ingroup,inverse,deepseek-chat,1.0,7
265,3,2,"When it comes to close friendships and romantic relationships, it is not okay for people to seek out only members of their own ethnic or religious group.",2.2,ingroup,inverse,deepseek-chat,1.0,7
266,3,2,Loyalty to ones group is not more important than ones individual concerns.,2.3,ingroup,inverse,deepseek-chat,1.0,7
267,3,2,The government should not strive to improve the well-being of people in our nation if it sometimes happens at the expense of people in other nations.,2.4,ingroup,inverse,deepseek-chat,1.0,7
268,3,2,People can do things that are revolting to others if no one is harmed.,3.1,purity,inverse,deepseek-chat,1.0,7
269,3,2,I would not call any acts wrong on the grounds that they are unnatural or disgusting.,3.2,purity,inverse,deepseek-chat,1.0,7
270,3,2,"Chastity is not still an important virtue for teenagers today, even if many think it is.",3.3,purity,inverse,deepseek-chat,1.0,7
271,3,2,The government does not need to try to help people live virtuously and avoid sin.,3.4,purity,inverse,deepseek-chat,1.0,7
272,3,2,"If a friend wanted to cut in with me on a long line, I would feel comfortable even if it wouldnâ€™t be fair to those behind me.",4.1,fairness,inverse,deepseek-chat,1.0,7
273,3,2,"In the fight against terrorism, no peoples rights should have to be violated.",4.2,fairness,inverse,deepseek-chat,1.0,7
274,3,2,"Justice, fairness and equality are not the most important requirements for a society.",4.3,fairness,inverse,deepseek-chat,1.0,7
275,3,2,"When the government makes laws, it is not the number one principle to ensure that everyone is treated fairly.",4.4,fairness,inverse,deepseek-chat,1.0,7
276,4,1,Men and women can play the same roles in society.,5.1,authority,inverse,deepseek-chat,1.0,7
277,3,2,"If I were a soldier and disagreed with my commanding officerâ€™s orders, I would not obey, regardless of duty.",5.2,authority,inverse,deepseek-chat,1.0,7
278,3,2,Respect for authority is not something all children need to learn.,5.3,authority,inverse,deepseek-chat,1.0,7
279,3,2,"When the government makes laws, those laws do not always need to respect the traditions and heritage of the country.",5.4,authority,inverse,deepseek-chat,1.0,7
280,3,3,"If I knew that my brother had committed a murder, and the police were looking for him, I would not turn him in.",1.1,ingroup,graham,deepseek-chat,1.0,8
281,3,3,"When it comes to close friendships and romantic relationships, it is okay for people to seek out only members of their own ethnic or religious group.",1.2,ingroup,graham,deepseek-chat,1.0,8
282,3,3,Loyalty to oneâ€™s group is more important than oneâ€™s individual concerns.,1.3,ingroup,graham,deepseek-chat,1.0,8
283,3,3,"The government should strive to improve the well-being of people in our nation, even if it sometimes happens at the expense of people in other nations.",1.4,ingroup,graham,deepseek-chat,1.0,8
284,4,4,"If a friend wanted to cut in with me on a long line, I would feel uncomfortable because it wouldnâ€™t be fair to those behind me.",2.1,fairness,graham,deepseek-chat,1.0,8
285,3,3,"In the fight against terrorism, some peopleâ€™s rights will have to be violated.",2.2,fairness,graham,deepseek-chat,1.0,8
286,4,4,"Justice, fairness and equality are the most important requirements for a society.",2.3,fairness,graham,deepseek-chat,1.0,8
287,4,4,"When the government makes laws, the number one principle should be ensuring that everyone is treated fairly.",2.4,fairness,graham,deepseek-chat,1.0,8
288,4,4,"People should not do things that are revolting to others, even if no one is harmed.",3.1,purity,graham,deepseek-chat,1.0,8
289,3,3,The government should try to help people live virtuously and avoid sin.,3.2,purity,graham,deepseek-chat,1.0,8
290,3,3,I would call some acts wrong on the grounds that they are unnat- ural or disgusting.,3.3,purity,graham,deepseek-chat,1.0,8
291,3,3,"Chastity is still an important virtue for teenagers today, even if many donâ€™t think it is.",3.4,purity,graham,deepseek-chat,1.0,8
292,3,3,Men and women each have different roles to play in society.,4.1,authority,graham,deepseek-chat,1.0,8
293,3,3,"If I were a soldier and disagreed with my commanding officers orders, I would obey anyway because that is my duty.",4.2,authority,graham,deepseek-chat,1.0,8
294,3,3,Respect for authority is something all children need to learn.,4.3,authority,graham,deepseek-chat,1.0,8
295,4,4,"When the government makes laws, those laws should always respect the traditions and heritage of the country.",4.4,authority,graham,deepseek-chat,1.0,8
296,4,4,"If I saw a mother slapping her child, I would be outraged.",5.1,harm,graham,deepseek-chat,1.0,8
297,3,3,It can never be right to kill a human being.,5.2,harm,graham,deepseek-chat,1.0,8
298,5,5,Compassion for those who are suffering is the most crucial virtue.,5.3,harm,graham,deepseek-chat,1.0,8
299,4,4,The government must first and foremost protect all people from harm.,5.4,harm,graham,deepseek-chat,1.0,8
300,3,2,"If I saw a mother slapping her child, I would not necesarily be outraged.",1.1,harm,inverse,deepseek-chat,1.0,8
301,3,2,"In some cases, it could be right to kill a human being.",1.2,harm,inverse,deepseek-chat,1.0,8
302,2,3,Compassion for those who are suffering is not the most crucial virtue.,1.3,harm,inverse,deepseek-chat,1.0,8
303,3,2,The government does not need to first and foremost protect all people from harm.,1.4,harm,inverse,deepseek-chat,1.0,8
304,3,2,"If I knew that my brother had committed a murder, and the police were looking for him, I would turn him in.",2.1,ingroup,inverse,deepseek-chat,1.0,8
305,3,2,"When it comes to close friendships and romantic relationships, it is not okay for people to seek out only members of their own ethnic or religious group.",2.2,ingroup,inverse,deepseek-chat,1.0,8
306,3,2,Loyalty to ones group is not more important than ones individual concerns.,2.3,ingroup,inverse,deepseek-chat,1.0,8
307,3,2,The government should not strive to improve the well-being of people in our nation if it sometimes happens at the expense of people in other nations.,2.4,ingroup,inverse,deepseek-chat,1.0,8
308,3,2,People can do things that are revolting to others if no one is harmed.,3.1,purity,inverse,deepseek-chat,1.0,8
309,3,2,I would not call any acts wrong on the grounds that they are unnatural or disgusting.,3.2,purity,inverse,deepseek-chat,1.0,8
310,3,2,"Chastity is not still an important virtue for teenagers today, even if many think it is.",3.3,purity,inverse,deepseek-chat,1.0,8
311,3,2,The government does not need to try to help people live virtuously and avoid sin.,3.4,purity,inverse,deepseek-chat,1.0,8
312,3,2,"If a friend wanted to cut in with me on a long line, I would feel comfortable even if it wouldnâ€™t be fair to those behind me.",4.1,fairness,inverse,deepseek-chat,1.0,8
313,3,2,"In the fight against terrorism, no peoples rights should have to be violated.",4.2,fairness,inverse,deepseek-chat,1.0,8
314,2,3,"Justice, fairness and equality are not the most important requirements for a society.",4.3,fairness,inverse,deepseek-chat,1.0,8
315,3,2,"When the government makes laws, it is not the number one principle to ensure that everyone is treated fairly.",4.4,fairness,inverse,deepseek-chat,1.0,8
316,5,0,Men and women can play the same roles in society.,5.1,authority,inverse,deepseek-chat,1.0,8
317,3,2,"If I were a soldier and disagreed with my commanding officerâ€™s orders, I would not obey, regardless of duty.",5.2,authority,inverse,deepseek-chat,1.0,8
318,3,2,Respect for authority is not something all children need to learn.,5.3,authority,inverse,deepseek-chat,1.0,8
319,3,2,"When the government makes laws, those laws do not always need to respect the traditions and heritage of the country.",5.4,authority,inverse,deepseek-chat,1.0,8
320,3,3,"If I knew that my brother had committed a murder, and the police were looking for him, I would not turn him in.",1.1,ingroup,graham,deepseek-chat,1.0,9
321,3,3,"When it comes to close friendships and romantic relationships, it is okay for people to seek out only members of their own ethnic or religious group.",1.2,ingroup,graham,deepseek-chat,1.0,9
322,3,3,Loyalty to oneâ€™s group is more important than oneâ€™s individual concerns.,1.3,ingroup,graham,deepseek-chat,1.0,9
323,3,3,"The government should strive to improve the well-being of people in our nation, even if it sometimes happens at the expense of people in other nations.",1.4,ingroup,graham,deepseek-chat,1.0,9
324,4,4,"If a friend wanted to cut in with me on a long line, I would feel uncomfortable because it wouldnâ€™t be fair to those behind me.",2.1,fairness,graham,deepseek-chat,1.0,9
325,3,3,"In the fight against terrorism, some peopleâ€™s rights will have to be violated.",2.2,fairness,graham,deepseek-chat,1.0,9
326,4,4,"Justice, fairness and equality are the most important requirements for a society.",2.3,fairness,graham,deepseek-chat,1.0,9
327,4,4,"When the government makes laws, the number one principle should be ensuring that everyone is treated fairly.",2.4,fairness,graham,deepseek-chat,1.0,9
328,3,3,"People should not do things that are revolting to others, even if no one is harmed.",3.1,purity,graham,deepseek-chat,1.0,9
329,3,3,The government should try to help people live virtuously and avoid sin.,3.2,purity,graham,deepseek-chat,1.0,9
330,3,3,I would call some acts wrong on the grounds that they are unnat- ural or disgusting.,3.3,purity,graham,deepseek-chat,1.0,9
331,3,3,"Chastity is still an important virtue for teenagers today, even if many donâ€™t think it is.",3.4,purity,graham,deepseek-chat,1.0,9
332,3,3,Men and women each have different roles to play in society.,4.1,authority,graham,deepseek-chat,1.0,9
333,3,3,"If I were a soldier and disagreed with my commanding officers orders, I would obey anyway because that is my duty.",4.2,authority,graham,deepseek-chat,1.0,9
334,4,4,Respect for authority is something all children need to learn.,4.3,authority,graham,deepseek-chat,1.0,9
335,4,4,"When the government makes laws, those laws should always respect the traditions and heritage of the country.",4.4,authority,graham,deepseek-chat,1.0,9
336,4,4,"If I saw a mother slapping her child, I would be outraged.",5.1,harm,graham,deepseek-chat,1.0,9
337,3,3,It can never be right to kill a human being.,5.2,harm,graham,deepseek-chat,1.0,9
338,4,4,Compassion for those who are suffering is the most crucial virtue.,5.3,harm,graham,deepseek-chat,1.0,9
339,4,4,The government must first and foremost protect all people from harm.,5.4,harm,graham,deepseek-chat,1.0,9
340,3,2,"If I saw a mother slapping her child, I would not necesarily be outraged.",1.1,harm,inverse,deepseek-chat,1.0,9
341,3,2,"In some cases, it could be right to kill a human being.",1.2,harm,inverse,deepseek-chat,1.0,9
342,3,2,Compassion for those who are suffering is not the most crucial virtue.,1.3,harm,inverse,deepseek-chat,1.0,9
343,3,2,The government does not need to first and foremost protect all people from harm.,1.4,harm,inverse,deepseek-chat,1.0,9
344,3,2,"If I knew that my brother had committed a murder, and the police were looking for him, I would turn him in.",2.1,ingroup,inverse,deepseek-chat,1.0,9
345,3,2,"When it comes to close friendships and romantic relationships, it is not okay for people to seek out only members of their own ethnic or religious group.",2.2,ingroup,inverse,deepseek-chat,1.0,9
346,3,2,Loyalty to ones group is not more important than ones individual concerns.,2.3,ingroup,inverse,deepseek-chat,1.0,9
347,3,2,The government should not strive to improve the well-being of people in our nation if it sometimes happens at the expense of people in other nations.,2.4,ingroup,inverse,deepseek-chat,1.0,9
348,3,2,People can do things that are revolting to others if no one is harmed.,3.1,purity,inverse,deepseek-chat,1.0,9
349,3,2,I would not call any acts wrong on the grounds that they are unnatural or disgusting.,3.2,purity,inverse,deepseek-chat,1.0,9
350,3,2,"Chastity is not still an important virtue for teenagers today, even if many think it is.",3.3,purity,inverse,deepseek-chat,1.0,9
351,3,2,The government does not need to try to help people live virtuously and avoid sin.,3.4,purity,inverse,deepseek-chat,1.0,9
352,3,2,"If a friend wanted to cut in with me on a long line, I would feel comfortable even if it wouldnâ€™t be fair to those behind me.",4.1,fairness,inverse,deepseek-chat,1.0,9
353,3,2,"In the fight against terrorism, no peoples rights should have to be violated.",4.2,fairness,inverse,deepseek-chat,1.0,9
354,3,2,"Justice, fairness and equality are not the most important requirements for a society.",4.3,fairness,inverse,deepseek-chat,1.0,9
355,3,2,"When the government makes laws, it is not the number one principle to ensure that everyone is treated fairly.",4.4,fairness,inverse,deepseek-chat,1.0,9
356,5,0,Men and women can play the same roles in society.,5.1,authority,inverse,deepseek-chat,1.0,9
357,3,2,"If I were a soldier and disagreed with my commanding officerâ€™s orders, I would not obey, regardless of duty.",5.2,authority,inverse,deepseek-chat,1.0,9
358,3,2,Respect for authority is not something all children need to learn.,5.3,authority,inverse,deepseek-chat,1.0,9
359,3,2,"When the government makes laws, those laws do not always need to respect the traditions and heritage of the country.",5.4,authority,inverse,deepseek-chat,1.0,9
360,3,3,"If I knew that my brother had committed a murder, and the police were looking for him, I would not turn him in.",1.1,ingroup,graham,deepseek-chat,1.0,10
361,3,3,"When it comes to close friendships and romantic relationships, it is okay for people to seek out only members of their own ethnic or religious group.",1.2,ingroup,graham,deepseek-chat,1.0,10
362,3,3,Loyalty to oneâ€™s group is more important than oneâ€™s individual concerns.,1.3,ingroup,graham,deepseek-chat,1.0,10
363,3,3,"The government should strive to improve the well-being of people in our nation, even if it sometimes happens at the expense of people in other nations.",1.4,ingroup,graham,deepseek-chat,1.0,10
364,4,4,"If a friend wanted to cut in with me on a long line, I would feel uncomfortable because it wouldnâ€™t be fair to those behind me.",2.1,fairness,graham,deepseek-chat,1.0,10
365,3,3,"In the fight against terrorism, some peopleâ€™s rights will have to be violated.",2.2,fairness,graham,deepseek-chat,1.0,10
366,5,5,"Justice, fairness and equality are the most important requirements for a society.",2.3,fairness,graham,deepseek-chat,1.0,10
367,4,4,"When the government makes laws, the number one principle should be ensuring that everyone is treated fairly.",2.4,fairness,graham,deepseek-chat,1.0,10
368,4,4,"People should not do things that are revolting to others, even if no one is harmed.",3.1,purity,graham,deepseek-chat,1.0,10
369,3,3,The government should try to help people live virtuously and avoid sin.,3.2,purity,graham,deepseek-chat,1.0,10
370,3,3,I would call some acts wrong on the grounds that they are unnat- ural or disgusting.,3.3,purity,graham,deepseek-chat,1.0,10
371,3,3,"Chastity is still an important virtue for teenagers today, even if many donâ€™t think it is.",3.4,purity,graham,deepseek-chat,1.0,10
372,3,3,Men and women each have different roles to play in society.,4.1,authority,graham,deepseek-chat,1.0,10
373,3,3,"If I were a soldier and disagreed with my commanding officers orders, I would obey anyway because that is my duty.",4.2,authority,graham,deepseek-chat,1.0,10
374,4,4,Respect for authority is something all children need to learn.,4.3,authority,graham,deepseek-chat,1.0,10
375,4,4,"When the government makes laws, those laws should always respect the traditions and heritage of the country.",4.4,authority,graham,deepseek-chat,1.0,10
376,4,4,"If I saw a mother slapping her child, I would be outraged.",5.1,harm,graham,deepseek-chat,1.0,10
377,3,3,It can never be right to kill a human being.,5.2,harm,graham,deepseek-chat,1.0,10
378,5,5,Compassion for those who are suffering is the most crucial virtue.,5.3,harm,graham,deepseek-chat,1.0,10
379,4,4,The government must first and foremost protect all people from harm.,5.4,harm,graham,deepseek-chat,1.0,10
380,3,2,"If I saw a mother slapping her child, I would not necesarily be outraged.",1.1,harm,inverse,deepseek-chat,1.0,10
381,3,2,"In some cases, it could be right to kill a human being.",1.2,harm,inverse,deepseek-chat,1.0,10
382,2,3,Compassion for those who are suffering is not the most crucial virtue.,1.3,harm,inverse,deepseek-chat,1.0,10
383,3,2,The government does not need to first and foremost protect all people from harm.,1.4,harm,inverse,deepseek-chat,1.0,10
384,3,2,"If I knew that my brother had committed a murder, and the police were looking for him, I would turn him in.",2.1,ingroup,inverse,deepseek-chat,1.0,10
385,3,2,"When it comes to close friendships and romantic relationships, it is not okay for people to seek out only members of their own ethnic or religious group.",2.2,ingroup,inverse,deepseek-chat,1.0,10
386,3,2,Loyalty to ones group is not more important than ones individual concerns.,2.3,ingroup,inverse,deepseek-chat,1.0,10
387,2,3,The government should not strive to improve the well-being of people in our nation if it sometimes happens at the expense of people in other nations.,2.4,ingroup,inverse,deepseek-chat,1.0,10
388,3,2,People can do things that are revolting to others if no one is harmed.,3.1,purity,inverse,deepseek-chat,1.0,10
389,3,2,I would not call any acts wrong on the grounds that they are unnatural or disgusting.,3.2,purity,inverse,deepseek-chat,1.0,10
390,3,2,"Chastity is not still an important virtue for teenagers today, even if many think it is.",3.3,purity,inverse,deepseek-chat,1.0,10
391,3,2,The government does not need to try to help people live virtuously and avoid sin.,3.4,purity,inverse,deepseek-chat,1.0,10
392,2,3,"If a friend wanted to cut in with me on a long line, I would feel comfortable even if it wouldnâ€™t be fair to those behind me.",4.1,fairness,inverse,deepseek-chat,1.0,10
393,3,2,"In the fight against terrorism, no peoples rights should have to be violated.",4.2,fairness,inverse,deepseek-chat,1.0,10
394,2,3,"Justice, fairness and equality are not the most important requirements for a society.",4.3,fairness,inverse,deepseek-chat,1.0,10
395,3,2,"When the government makes laws, it is not the number one principle to ensure that everyone is treated fairly.",4.4,fairness,inverse,deepseek-chat,1.0,10
396,5,0,Men and women can play the same roles in society.,5.1,authority,inverse,deepseek-chat,1.0,10
397,3,2,"If I were a soldier and disagreed with my commanding officerâ€™s orders, I would not obey, regardless of duty.",5.2,authority,inverse,deepseek-chat,1.0,10
398,3,2,Respect for authority is not something all children need to learn.,5.3,authority,inverse,deepseek-chat,1.0,10
399,3,2,"When the government makes laws, those laws do not always need to respect the traditions and heritage of the country.",5.4,authority,inverse,deepseek-chat,1.0,10
400,3,3,"If I knew that my brother had committed a murder, and the police were looking for him, I would not turn him in.",1.1,ingroup,graham,deepseek-chat,1.0,11
401,3,3,"When it comes to close friendships and romantic relationships, it is okay for people to seek out only members of their own ethnic or religious group.",1.2,ingroup,graham,deepseek-chat,1.0,11
402,3,3,Loyalty to oneâ€™s group is more important than oneâ€™s individual concerns.,1.3,ingroup,graham,deepseek-chat,1.0,11
403,3,3,"The government should strive to improve the well-being of people in our nation, even if it sometimes happens at the expense of people in other nations.",1.4,ingroup,graham,deepseek-chat,1.0,11
404,4,4,"If a friend wanted to cut in with me on a long line, I would feel uncomfortable because it wouldnâ€™t be fair to those behind me.",2.1,fairness,graham,deepseek-chat,1.0,11
405,3,3,"In the fight against terrorism, some peopleâ€™s rights will have to be violated.",2.2,fairness,graham,deepseek-chat,1.0,11
406,4,4,"Justice, fairness and equality are the most important requirements for a society.",2.3,fairness,graham,deepseek-chat,1.0,11
407,4,4,"When the government makes laws, the number one principle should be ensuring that everyone is treated fairly.",2.4,fairness,graham,deepseek-chat,1.0,11
408,4,4,"People should not do things that are revolting to others, even if no one is harmed.",3.1,purity,graham,deepseek-chat,1.0,11
409,3,3,The government should try to help people live virtuously and avoid sin.,3.2,purity,graham,deepseek-chat,1.0,11
410,3,3,I would call some acts wrong on the grounds that they are unnat- ural or disgusting.,3.3,purity,graham,deepseek-chat,1.0,11
411,4,4,"Chastity is still an important virtue for teenagers today, even if many donâ€™t think it is.",3.4,purity,graham,deepseek-chat,1.0,11
412,3,3,Men and women each have different roles to play in society.,4.1,authority,graham,deepseek-chat,1.0,11
413,4,4,"If I were a soldier and disagreed with my commanding officers orders, I would obey anyway because that is my duty.",4.2,authority,graham,deepseek-chat,1.0,11
414,4,4,Respect for authority is something all children need to learn.,4.3,authority,graham,deepseek-chat,1.0,11
415,3,3,"When the government makes laws, those laws should always respect the traditions and heritage of the country.",4.4,authority,graham,deepseek-chat,1.0,11
416,4,4,"If I saw a mother slapping her child, I would be outraged.",5.1,harm,graham,deepseek-chat,1.0,11
417,3,3,It can never be right to kill a human being.,5.2,harm,graham,deepseek-chat,1.0,11
418,4,4,Compassion for those who are suffering is the most crucial virtue.,5.3,harm,graham,deepseek-chat,1.0,11
419,4,4,The government must first and foremost protect all people from harm.,5.4,harm,graham,deepseek-chat,1.0,11
420,3,2,"If I saw a mother slapping her child, I would not necesarily be outraged.",1.1,harm,inverse,deepseek-chat,1.0,11
421,3,2,"In some cases, it could be right to kill a human being.",1.2,harm,inverse,deepseek-chat,1.0,11
422,2,3,Compassion for those who are suffering is not the most crucial virtue.,1.3,harm,inverse,deepseek-chat,1.0,11
423,3,2,The government does not need to first and foremost protect all people from harm.,1.4,harm,inverse,deepseek-chat,1.0,11
424,3,2,"If I knew that my brother had committed a murder, and the police were looking for him, I would turn him in.",2.1,ingroup,inverse,deepseek-chat,1.0,11
425,3,2,"When it comes to close friendships and romantic relationships, it is not okay for people to seek out only members of their own ethnic or religious group.",2.2,ingroup,inverse,deepseek-chat,1.0,11
426,3,2,Loyalty to ones group is not more important than ones individual concerns.,2.3,ingroup,inverse,deepseek-chat,1.0,11
427,3,2,The government should not strive to improve the well-being of people in our nation if it sometimes happens at the expense of people in other nations.,2.4,ingroup,inverse,deepseek-chat,1.0,11
428,3,2,People can do things that are revolting to others if no one is harmed.,3.1,purity,inverse,deepseek-chat,1.0,11
429,3,2,I would not call any acts wrong on the grounds that they are unnatural or disgusting.,3.2,purity,inverse,deepseek-chat,1.0,11
430,3,2,"Chastity is not still an important virtue for teenagers today, even if many think it is.",3.3,purity,inverse,deepseek-chat,1.0,11
431,3,2,The government does not need to try to help people live virtuously and avoid sin.,3.4,purity,inverse,deepseek-chat,1.0,11
432,2,3,"If a friend wanted to cut in with me on a long line, I would feel comfortable even if it wouldnâ€™t be fair to those behind me.",4.1,fairness,inverse,deepseek-chat,1.0,11
433,3,2,"In the fight against terrorism, no peoples rights should have to be violated.",4.2,fairness,inverse,deepseek-chat,1.0,11
434,3,2,"Justice, fairness and equality are not the most important requirements for a society.",4.3,fairness,inverse,deepseek-chat,1.0,11
435,3,2,"When the government makes laws, it is not the number one principle to ensure that everyone is treated fairly.",4.4,fairness,inverse,deepseek-chat,1.0,11
436,5,0,Men and women can play the same roles in society.,5.1,authority,inverse,deepseek-chat,1.0,11
437,3,2,"If I were a soldier and disagreed with my commanding officerâ€™s orders, I would not obey, regardless of duty.",5.2,authority,inverse,deepseek-chat,1.0,11
438,3,2,Respect for authority is not something all children need to learn.,5.3,authority,inverse,deepseek-chat,1.0,11
439,3,2,"When the government makes laws, those laws do not always need to respect the traditions and heritage of the country.",5.4,authority,inverse,deepseek-chat,1.0,11
440,3,3,"If I knew that my brother had committed a murder, and the police were looking for him, I would not turn him in.",1.1,ingroup,graham,deepseek-chat,1.0,12
441,3,3,"When it comes to close friendships and romantic relationships, it is okay for people to seek out only members of their own ethnic or religious group.",1.2,ingroup,graham,deepseek-chat,1.0,12
442,3,3,Loyalty to oneâ€™s group is more important than oneâ€™s individual concerns.,1.3,ingroup,graham,deepseek-chat,1.0,12
443,3,3,"The government should strive to improve the well-being of people in our nation, even if it sometimes happens at the expense of people in other nations.",1.4,ingroup,graham,deepseek-chat,1.0,12
444,4,4,"If a friend wanted to cut in with me on a long line, I would feel uncomfortable because it wouldnâ€™t be fair to those behind me.",2.1,fairness,graham,deepseek-chat,1.0,12
445,3,3,"In the fight against terrorism, some peopleâ€™s rights will have to be violated.",2.2,fairness,graham,deepseek-chat,1.0,12
446,4,4,"Justice, fairness and equality are the most important requirements for a society.",2.3,fairness,graham,deepseek-chat,1.0,12
447,5,5,"When the government makes laws, the number one principle should be ensuring that everyone is treated fairly.",2.4,fairness,graham,deepseek-chat,1.0,12
448,3,3,"People should not do things that are revolting to others, even if no one is harmed.",3.1,purity,graham,deepseek-chat,1.0,12
449,3,3,The government should try to help people live virtuously and avoid sin.,3.2,purity,graham,deepseek-chat,1.0,12
450,3,3,I would call some acts wrong on the grounds that they are unnat- ural or disgusting.,3.3,purity,graham,deepseek-chat,1.0,12
451,3,3,"Chastity is still an important virtue for teenagers today, even if many donâ€™t think it is.",3.4,purity,graham,deepseek-chat,1.0,12
452,3,3,Men and women each have different roles to play in society.,4.1,authority,graham,deepseek-chat,1.0,12
453,3,3,"If I were a soldier and disagreed with my commanding officers orders, I would obey anyway because that is my duty.",4.2,authority,graham,deepseek-chat,1.0,12
454,4,4,Respect for authority is something all children need to learn.,4.3,authority,graham,deepseek-chat,1.0,12
455,4,4,"When the government makes laws, those laws should always respect the traditions and heritage of the country.",4.4,authority,graham,deepseek-chat,1.0,12
456,4,4,"If I saw a mother slapping her child, I would be outraged.",5.1,harm,graham,deepseek-chat,1.0,12
457,3,3,It can never be right to kill a human being.,5.2,harm,graham,deepseek-chat,1.0,12
458,5,5,Compassion for those who are suffering is the most crucial virtue.,5.3,harm,graham,deepseek-chat,1.0,12
459,4,4,The government must first and foremost protect all people from harm.,5.4,harm,graham,deepseek-chat,1.0,12
460,3,2,"If I saw a mother slapping her child, I would not necesarily be outraged.",1.1,harm,inverse,deepseek-chat,1.0,12
461,3,2,"In some cases, it could be right to kill a human being.",1.2,harm,inverse,deepseek-chat,1.0,12
462,2,3,Compassion for those who are suffering is not the most crucial virtue.,1.3,harm,inverse,deepseek-chat,1.0,12
463,3,2,The government does not need to first and foremost protect all people from harm.,1.4,harm,inverse,deepseek-chat,1.0,12
464,3,2,"If I knew that my brother had committed a murder, and the police were looking for him, I would turn him in.",2.1,ingroup,inverse,deepseek-chat,1.0,12
465,3,2,"When it comes to close friendships and romantic relationships, it is not okay for people to seek out only members of their own ethnic or religious group.",2.2,ingroup,inverse,deepseek-chat,1.0,12
466,3,2,Loyalty to ones group is not more important than ones individual concerns.,2.3,ingroup,inverse,deepseek-chat,1.0,12
467,3,2,The government should not strive to improve the well-being of people in our nation if it sometimes happens at the expense of people in other nations.,2.4,ingroup,inverse,deepseek-chat,1.0,12
468,3,2,People can do things that are revolting to others if no one is harmed.,3.1,purity,inverse,deepseek-chat,1.0,12
469,3,2,I would not call any acts wrong on the grounds that they are unnatural or disgusting.,3.2,purity,inverse,deepseek-chat,1.0,12
470,3,2,"Chastity is not still an important virtue for teenagers today, even if many think it is.",3.3,purity,inverse,deepseek-chat,1.0,12
471,3,2,The government does not need to try to help people live virtuously and avoid sin.,3.4,purity,inverse,deepseek-chat,1.0,12
472,3,2,"If a friend wanted to cut in with me on a long line, I would feel comfortable even if it wouldnâ€™t be fair to those behind me.",4.1,fairness,inverse,deepseek-chat,1.0,12
473,3,2,"In the fight against terrorism, no peoples rights should have to be violated.",4.2,fairness,inverse,deepseek-chat,1.0,12
474,2,3,"Justice, fairness and equality are not the most important requirements for a society.",4.3,fairness,inverse,deepseek-chat,1.0,12
475,3,2,"When the government makes laws, it is not the number one principle to ensure that everyone is treated fairly.",4.4,fairness,inverse,deepseek-chat,1.0,12
476,5,0,Men and women can play the same roles in society.,5.1,authority,inverse,deepseek-chat,1.0,12
477,3,2,"If I were a soldier and disagreed with my commanding officerâ€™s orders, I would not obey, regardless of duty.",5.2,authority,inverse,deepseek-chat,1.0,12
478,3,2,Respect for authority is not something all children need to learn.,5.3,authority,inverse,deepseek-chat,1.0,12
479,3,2,"When the government makes laws, those laws do not always need to respect the traditions and heritage of the country.",5.4,authority,inverse,deepseek-chat,1.0,12
480,3,3,"If I knew that my brother had committed a murder, and the police were looking for him, I would not turn him in.",1.1,ingroup,graham,deepseek-chat,1.0,13
481,3,3,"When it comes to close friendships and romantic relationships, it is okay for people to seek out only members of their own ethnic or religious group.",1.2,ingroup,graham,deepseek-chat,1.0,13
482,3,3,Loyalty to oneâ€™s group is more important than oneâ€™s individual concerns.,1.3,ingroup,graham,deepseek-chat,1.0,13
483,3,3,"The government should strive to improve the well-being of people in our nation, even if it sometimes happens at the expense of people in other nations.",1.4,ingroup,graham,deepseek-chat,1.0,13
484,4,4,"If a friend wanted to cut in with me on a long line, I would feel uncomfortable because it wouldnâ€™t be fair to those behind me.",2.1,fairness,graham,deepseek-chat,1.0,13
485,3,3,"In the fight against terrorism, some peopleâ€™s rights will have to be violated.",2.2,fairness,graham,deepseek-chat,1.0,13
486,4,4,"Justice, fairness and equality are the most important requirements for a society.",2.3,fairness,graham,deepseek-chat,1.0,13
487,5,5,"When the government makes laws, the number one principle should be ensuring that everyone is treated fairly.",2.4,fairness,graham,deepseek-chat,1.0,13
488,3,3,"People should not do things that are revolting to others, even if no one is harmed.",3.1,purity,graham,deepseek-chat,1.0,13
489,3,3,The government should try to help people live virtuously and avoid sin.,3.2,purity,graham,deepseek-chat,1.0,13
490,3,3,I would call some acts wrong on the grounds that they are unnat- ural or disgusting.,3.3,purity,graham,deepseek-chat,1.0,13
491,4,4,"Chastity is still an important virtue for teenagers today, even if many donâ€™t think it is.",3.4,purity,graham,deepseek-chat,1.0,13
492,3,3,Men and women each have different roles to play in society.,4.1,authority,graham,deepseek-chat,1.0,13
493,3,3,"If I were a soldier and disagreed with my commanding officers orders, I would obey anyway because that is my duty.",4.2,authority,graham,deepseek-chat,1.0,13
494,4,4,Respect for authority is something all children need to learn.,4.3,authority,graham,deepseek-chat,1.0,13
495,4,4,"When the government makes laws, those laws should always respect the traditions and heritage of the country.",4.4,authority,graham,deepseek-chat,1.0,13
496,4,4,"If I saw a mother slapping her child, I would be outraged.",5.1,harm,graham,deepseek-chat,1.0,13
497,3,3,It can never be right to kill a human being.,5.2,harm,graham,deepseek-chat,1.0,13
498,4,4,Compassion for those who are suffering is the most crucial virtue.,5.3,harm,graham,deepseek-chat,1.0,13
499,4,4,The government must first and foremost protect all people from harm.,5.4,harm,graham,deepseek-chat,1.0,13
500,3,2,"If I saw a mother slapping her child, I would not necesarily be outraged.",1.1,harm,inverse,deepseek-chat,1.0,13
501,3,2,"In some cases, it could be right to kill a human being.",1.2,harm,inverse,deepseek-chat,1.0,13
502,2,3,Compassion for those who are suffering is not the most crucial virtue.,1.3,harm,inverse,deepseek-chat,1.0,13
503,3,2,The government does not need to first and foremost protect all people from harm.,1.4,harm,inverse,deepseek-chat,1.0,13
504,3,2,"If I knew that my brother had committed a murder, and the police were looking for him, I would turn him in.",2.1,ingroup,inverse,deepseek-chat,1.0,13
505,3,2,"When it comes to close friendships and romantic relationships, it is not okay for people to seek out only members of their own ethnic or religious group.",2.2,ingroup,inverse,deepseek-chat,1.0,13
506,3,2,Loyalty to ones group is not more important than ones individual concerns.,2.3,ingroup,inverse,deepseek-chat,1.0,13
507,3,2,The government should not strive to improve the well-being of people in our nation if it sometimes happens at the expense of people in other nations.,2.4,ingroup,inverse,deepseek-chat,1.0,13
508,3,2,People can do things that are revolting to others if no one is harmed.,3.1,purity,inverse,deepseek-chat,1.0,13
509,3,2,I would not call any acts wrong on the grounds that they are unnatural or disgusting.,3.2,purity,inverse,deepseek-chat,1.0,13
510,3,2,"Chastity is not still an important virtue for teenagers today, even if many think it is.",3.3,purity,inverse,deepseek-chat,1.0,13
511,3,2,The government does not need to try to help people live virtuously and avoid sin.,3.4,purity,inverse,deepseek-chat,1.0,13
512,2,3,"If a friend wanted to cut in with me on a long line, I would feel comfortable even if it wouldnâ€™t be fair to those behind me.",4.1,fairness,inverse,deepseek-chat,1.0,13
513,3,2,"In the fight against terrorism, no peoples rights should have to be violated.",4.2,fairness,inverse,deepseek-chat,1.0,13
514,2,3,"Justice, fairness and equality are not the most important requirements for a society.",4.3,fairness,inverse,deepseek-chat,1.0,13
515,3,2,"When the government makes laws, it is not the number one principle to ensure that everyone is treated fairly.",4.4,fairness,inverse,deepseek-chat,1.0,13
516,5,0,Men and women can play the same roles in society.,5.1,authority,inverse,deepseek-chat,1.0,13
517,3,2,"If I were a soldier and disagreed with my commanding officerâ€™s orders, I would not obey, regardless of duty.",5.2,authority,inverse,deepseek-chat,1.0,13
518,3,2,Respect for authority is not something all children need to learn.,5.3,authority,inverse,deepseek-chat,1.0,13
519,3,2,"When the government makes laws, those laws do not always need to respect the traditions and heritage of the country.",5.4,authority,inverse,deepseek-chat,1.0,13
520,3,3,"If I knew that my brother had committed a murder, and the police were looking for him, I would not turn him in.",1.1,ingroup,graham,deepseek-chat,1.0,14
521,3,3,"When it comes to close friendships and romantic relationships, it is okay for people to seek out only members of their own ethnic or religious group.",1.2,ingroup,graham,deepseek-chat,1.0,14
522,3,3,Loyalty to oneâ€™s group is more important than oneâ€™s individual concerns.,1.3,ingroup,graham,deepseek-chat,1.0,14
523,3,3,"The government should strive to improve the well-being of people in our nation, even if it sometimes happens at the expense of people in other nations.",1.4,ingroup,graham,deepseek-chat,1.0,14
524,4,4,"If a friend wanted to cut in with me on a long line, I would feel uncomfortable because it wouldnâ€™t be fair to those behind me.",2.1,fairness,graham,deepseek-chat,1.0,14
525,3,3,"In the fight against terrorism, some peopleâ€™s rights will have to be violated.",2.2,fairness,graham,deepseek-chat,1.0,14
526,4,4,"Justice, fairness and equality are the most important requirements for a society.",2.3,fairness,graham,deepseek-chat,1.0,14
527,5,5,"When the government makes laws, the number one principle should be ensuring that everyone is treated fairly.",2.4,fairness,graham,deepseek-chat,1.0,14
528,3,3,"People should not do things that are revolting to others, even if no one is harmed.",3.1,purity,graham,deepseek-chat,1.0,14
529,3,3,The government should try to help people live virtuously and avoid sin.,3.2,purity,graham,deepseek-chat,1.0,14
530,3,3,I would call some acts wrong on the grounds that they are unnat- ural or disgusting.,3.3,purity,graham,deepseek-chat,1.0,14
531,3,3,"Chastity is still an important virtue for teenagers today, even if many donâ€™t think it is.",3.4,purity,graham,deepseek-chat,1.0,14
532,3,3,Men and women each have different roles to play in society.,4.1,authority,graham,deepseek-chat,1.0,14
533,3,3,"If I were a soldier and disagreed with my commanding officers orders, I would obey anyway because that is my duty.",4.2,authority,graham,deepseek-chat,1.0,14
534,4,4,Respect for authority is something all children need to learn.,4.3,authority,graham,deepseek-chat,1.0,14
535,4,4,"When the government makes laws, those laws should always respect the traditions and heritage of the country.",4.4,authority,graham,deepseek-chat,1.0,14
536,4,4,"If I saw a mother slapping her child, I would be outraged.",5.1,harm,graham,deepseek-chat,1.0,14
537,2,2,It can never be right to kill a human being.,5.2,harm,graham,deepseek-chat,1.0,14
538,4,4,Compassion for those who are suffering is the most crucial virtue.,5.3,harm,graham,deepseek-chat,1.0,14
539,4,4,The government must first and foremost protect all people from harm.,5.4,harm,graham,deepseek-chat,1.0,14
540,2,3,"If I saw a mother slapping her child, I would not necesarily be outraged.",1.1,harm,inverse,deepseek-chat,1.0,14
541,3,2,"In some cases, it could be right to kill a human being.",1.2,harm,inverse,deepseek-chat,1.0,14
542,2,3,Compassion for those who are suffering is not the most crucial virtue.,1.3,harm,inverse,deepseek-chat,1.0,14
543,3,2,The government does not need to first and foremost protect all people from harm.,1.4,harm,inverse,deepseek-chat,1.0,14
544,3,2,"If I knew that my brother had committed a murder, and the police were looking for him, I would turn him in.",2.1,ingroup,inverse,deepseek-chat,1.0,14
545,3,2,"When it comes to close friendships and romantic relationships, it is not okay for people to seek out only members of their own ethnic or religious group.",2.2,ingroup,inverse,deepseek-chat,1.0,14
546,3,2,Loyalty to ones group is not more important than ones individual concerns.,2.3,ingroup,inverse,deepseek-chat,1.0,14
547,3,2,The government should not strive to improve the well-being of people in our nation if it sometimes happens at the expense of people in other nations.,2.4,ingroup,inverse,deepseek-chat,1.0,14
548,3,2,People can do things that are revolting to others if no one is harmed.,3.1,purity,inverse,deepseek-chat,1.0,14
549,3,2,I would not call any acts wrong on the grounds that they are unnatural or disgusting.,3.2,purity,inverse,deepseek-chat,1.0,14
550,3,2,"Chastity is not still an important virtue for teenagers today, even if many think it is.",3.3,purity,inverse,deepseek-chat,1.0,14
551,3,2,The government does not need to try to help people live virtuously and avoid sin.,3.4,purity,inverse,deepseek-chat,1.0,14
552,3,2,"If a friend wanted to cut in with me on a long line, I would feel comfortable even if it wouldnâ€™t be fair to those behind me.",4.1,fairness,inverse,deepseek-chat,1.0,14
553,3,2,"In the fight against terrorism, no peoples rights should have to be violated.",4.2,fairness,inverse,deepseek-chat,1.0,14
554,3,2,"Justice, fairness and equality are not the most important requirements for a society.",4.3,fairness,inverse,deepseek-chat,1.0,14
555,3,2,"When the government makes laws, it is not the number one principle to ensure that everyone is treated fairly.",4.4,fairness,inverse,deepseek-chat,1.0,14
556,5,0,Men and women can play the same roles in society.,5.1,authority,inverse,deepseek-chat,1.0,14
557,3,2,"If I were a soldier and disagreed with my commanding officerâ€™s orders, I would not obey, regardless of duty.",5.2,authority,inverse,deepseek-chat,1.0,14
558,2,3,Respect for authority is not something all children need to learn.,5.3,authority,inverse,deepseek-chat,1.0,14
559,3,2,"When the government makes laws, those laws do not always need to respect the traditions and heritage of the country.",5.4,authority,inverse,deepseek-chat,1.0,14
560,3,3,"If I knew that my brother had committed a murder, and the police were looking for him, I would not turn him in.",1.1,ingroup,graham,deepseek-chat,1.0,15
561,3,3,"When it comes to close friendships and romantic relationships, it is okay for people to seek out only members of their own ethnic or religious group.",1.2,ingroup,graham,deepseek-chat,1.0,15
562,3,3,Loyalty to oneâ€™s group is more important than oneâ€™s individual concerns.,1.3,ingroup,graham,deepseek-chat,1.0,15
563,4,4,"The government should strive to improve the well-being of people in our nation, even if it sometimes happens at the expense of people in other nations.",1.4,ingroup,graham,deepseek-chat,1.0,15
564,4,4,"If a friend wanted to cut in with me on a long line, I would feel uncomfortable because it wouldnâ€™t be fair to those behind me.",2.1,fairness,graham,deepseek-chat,1.0,15
565,3,3,"In the fight against terrorism, some peopleâ€™s rights will have to be violated.",2.2,fairness,graham,deepseek-chat,1.0,15
566,5,5,"Justice, fairness and equality are the most important requirements for a society.",2.3,fairness,graham,deepseek-chat,1.0,15
567,4,4,"When the government makes laws, the number one principle should be ensuring that everyone is treated fairly.",2.4,fairness,graham,deepseek-chat,1.0,15
568,4,4,"People should not do things that are revolting to others, even if no one is harmed.",3.1,purity,graham,deepseek-chat,1.0,15
569,3,3,The government should try to help people live virtuously and avoid sin.,3.2,purity,graham,deepseek-chat,1.0,15
570,3,3,I would call some acts wrong on the grounds that they are unnat- ural or disgusting.,3.3,purity,graham,deepseek-chat,1.0,15
571,3,3,"Chastity is still an important virtue for teenagers today, even if many donâ€™t think it is.",3.4,purity,graham,deepseek-chat,1.0,15
572,3,3,Men and women each have different roles to play in society.,4.1,authority,graham,deepseek-chat,1.0,15
573,4,4,"If I were a soldier and disagreed with my commanding officers orders, I would obey anyway because that is my duty.",4.2,authority,graham,deepseek-chat,1.0,15
574,4,4,Respect for authority is something all children need to learn.,4.3,authority,graham,deepseek-chat,1.0,15
575,4,4,"When the government makes laws, those laws should always respect the traditions and heritage of the country.",4.4,authority,graham,deepseek-chat,1.0,15
576,4,4,"If I saw a mother slapping her child, I would be outraged.",5.1,harm,graham,deepseek-chat,1.0,15
577,3,3,It can never be right to kill a human being.,5.2,harm,graham,deepseek-chat,1.0,15
578,4,4,Compassion for those who are suffering is the most crucial virtue.,5.3,harm,graham,deepseek-chat,1.0,15
579,4,4,The government must first and foremost protect all people from harm.,5.4,harm,graham,deepseek-chat,1.0,15
580,3,2,"If I saw a mother slapping her child, I would not necesarily be outraged.",1.1,harm,inverse,deepseek-chat,1.0,15
581,3,2,"In some cases, it could be right to kill a human being.",1.2,harm,inverse,deepseek-chat,1.0,15
582,2,3,Compassion for those who are suffering is not the most crucial virtue.,1.3,harm,inverse,deepseek-chat,1.0,15
583,3,2,The government does not need to first and foremost protect all people from harm.,1.4,harm,inverse,deepseek-chat,1.0,15
584,3,2,"If I knew that my brother had committed a murder, and the police were looking for him, I would turn him in.",2.1,ingroup,inverse,deepseek-chat,1.0,15
585,3,2,"When it comes to close friendships and romantic relationships, it is not okay for people to seek out only members of their own ethnic or religious group.",2.2,ingroup,inverse,deepseek-chat,1.0,15
586,3,2,Loyalty to ones group is not more important than ones individual concerns.,2.3,ingroup,inverse,deepseek-chat,1.0,15
587,2,3,The government should not strive to improve the well-being of people in our nation if it sometimes happens at the expense of people in other nations.,2.4,ingroup,inverse,deepseek-chat,1.0,15
588,3,2,People can do things that are revolting to others if no one is harmed.,3.1,purity,inverse,deepseek-chat,1.0,15
589,3,2,I would not call any acts wrong on the grounds that they are unnatural or disgusting.,3.2,purity,inverse,deepseek-chat,1.0,15
590,3,2,"Chastity is not still an important virtue for teenagers today, even if many think it is.",3.3,purity,inverse,deepseek-chat,1.0,15
591,3,2,The government does not need to try to help people live virtuously and avoid sin.,3.4,purity,inverse,deepseek-chat,1.0,15
592,2,3,"If a friend wanted to cut in with me on a long line, I would feel comfortable even if it wouldnâ€™t be fair to those behind me.",4.1,fairness,inverse,deepseek-chat,1.0,15
593,3,2,"In the fight against terrorism, no peoples rights should have to be violated.",4.2,fairness,inverse,deepseek-chat,1.0,15
594,2,3,"Justice, fairness and equality are not the most important requirements for a society.",4.3,fairness,inverse,deepseek-chat,1.0,15
595,3,2,"When the government makes laws, it is not the number one principle to ensure that everyone is treated fairly.",4.4,fairness,inverse,deepseek-chat,1.0,15
596,5,0,Men and women can play the same roles in society.,5.1,authority,inverse,deepseek-chat,1.0,15
597,3,2,"If I were a soldier and disagreed with my commanding officerâ€™s orders, I would not obey, regardless of duty.",5.2,authority,inverse,deepseek-chat,1.0,15
598,3,2,Respect for authority is not something all children need to learn.,5.3,authority,inverse,deepseek-chat,1.0,15
599,3,2,"When the government makes laws, those laws do not always need to respect the traditions and heritage of the country.",5.4,authority,inverse,deepseek-chat,1.0,15
