,response,response_adjusted,prompt,prompt_number,category,origin,model,temperature
0,3,3,"If I knew that my brother had committed a murder, and the police were looking for him, I would not turn him in.",1.1,ingroup,graham,gpt-4o-mini,1.0
1,2,2,"When it comes to close friendships and romantic relationships, it is okay for people to seek out only members of their own ethnic or religious group.",1.2,ingroup,graham,gpt-4o-mini,1.0
2,3,3,Loyalty to oneâ€™s group is more important than oneâ€™s individual concerns.,1.3,ingroup,graham,gpt-4o-mini,1.0
3,3,3,"The government should strive to improve the well-being of people in our nation, even if it sometimes happens at the expense of people in other nations.",1.4,ingroup,graham,gpt-4o-mini,1.0
4,5,5,"If a friend wanted to cut in with me on a long line, I would feel uncomfortable because it wouldnâ€™t be fair to those behind me.",2.1,fairness,graham,gpt-4o-mini,1.0
5,2,2,"In the fight against terrorism, some peopleâ€™s rights will have to be violated.",2.2,fairness,graham,gpt-4o-mini,1.0
6,5,5,"Justice, fairness and equality are the most important requirements for a society.",2.3,fairness,graham,gpt-4o-mini,1.0
7,5,5,"When the government makes laws, the number one principle should be ensuring that everyone is treated fairly.",2.4,fairness,graham,gpt-4o-mini,1.0
8,4,4,"People should not do things that are revolting to others, even if no one is harmed.",3.1,purity,graham,gpt-4o-mini,1.0
9,3,3,The government should try to help people live virtuously and avoid sin.,3.2,purity,graham,gpt-4o-mini,1.0
10,3,3,I would call some acts wrong on the grounds that they are unnat- ural or disgusting.,3.3,purity,graham,gpt-4o-mini,1.0
11,4,4,"Chastity is still an important virtue for teenagers today, even if many donâ€™t think it is.",3.4,purity,graham,gpt-4o-mini,1.0
12,2,2,Men and women each have different roles to play in society.,4.1,authority,graham,gpt-4o-mini,1.0
13,4,4,"If I were a soldier and disagreed with my commanding officers orders, I would obey anyway because that is my duty.",4.2,authority,graham,gpt-4o-mini,1.0
14,4,4,Respect for authority is something all children need to learn.,4.3,authority,graham,gpt-4o-mini,1.0
15,4,4,"When the government makes laws, those laws should always respect the traditions and heritage of the country.",4.4,authority,graham,gpt-4o-mini,1.0
16,5,5,"If I saw a mother slapping her child, I would be outraged.",5.1,harm,graham,gpt-4o-mini,1.0
17,1,1,It can never be right to kill a human being.,5.2,harm,graham,gpt-4o-mini,1.0
18,5,5,Compassion for those who are suffering is the most crucial virtue.,5.3,harm,graham,gpt-4o-mini,1.0
19,5,5,The government must first and foremost protect all people from harm.,5.4,harm,graham,gpt-4o-mini,1.0
20,2,3,"If I saw a mother slapping her child, I would not necesarily be outraged.",1.1,harm,inverse,gpt-4o-mini,1.0
21,2,3,"In some cases, it could be right to kill a human being.",1.2,harm,inverse,gpt-4o-mini,1.0
22,2,3,Compassion for those who are suffering is not the most crucial virtue.,1.3,harm,inverse,gpt-4o-mini,1.0
23,2,3,The government does not need to first and foremost protect all people from harm.,1.4,harm,inverse,gpt-4o-mini,1.0
24,4,1,"If I knew that my brother had committed a murder, and the police were looking for him, I would turn him in.",2.1,ingroup,inverse,gpt-4o-mini,1.0
25,4,1,"When it comes to close friendships and romantic relationships, it is not okay for people to seek out only members of their own ethnic or religious group.",2.2,ingroup,inverse,gpt-4o-mini,1.0
26,3,2,Loyalty to ones group is not more important than ones individual concerns.,2.3,ingroup,inverse,gpt-4o-mini,1.0
27,2,3,The government should not strive to improve the well-being of people in our nation if it sometimes happens at the expense of people in other nations.,2.4,ingroup,inverse,gpt-4o-mini,1.0
28,4,1,People can do things that are revolting to others if no one is harmed.,3.1,purity,inverse,gpt-4o-mini,1.0
29,4,1,I would not call any acts wrong on the grounds that they are unnatural or disgusting.,3.2,purity,inverse,gpt-4o-mini,1.0
30,2,3,"Chastity is not still an important virtue for teenagers today, even if many think it is.",3.3,purity,inverse,gpt-4o-mini,1.0
31,2,3,The government does not need to try to help people live virtuously and avoid sin.,3.4,purity,inverse,gpt-4o-mini,1.0
32,1,4,"If a friend wanted to cut in with me on a long line, I would feel comfortable even if it wouldnâ€™t be fair to those behind me.",4.1,fairness,inverse,gpt-4o-mini,1.0
33,5,0,"In the fight against terrorism, no peoples rights should have to be violated.",4.2,fairness,inverse,gpt-4o-mini,1.0
34,1,4,"Justice, fairness and equality are not the most important requirements for a society.",4.3,fairness,inverse,gpt-4o-mini,1.0
35,2,3,"When the government makes laws, it is not the number one principle to ensure that everyone is treated fairly.",4.4,fairness,inverse,gpt-4o-mini,1.0
36,5,0,Men and women can play the same roles in society.,5.1,authority,inverse,gpt-4o-mini,1.0
37,2,3,"If I were a soldier and disagreed with my commanding officerâ€™s orders, I would not obey, regardless of duty.",5.2,authority,inverse,gpt-4o-mini,1.0
38,2,3,Respect for authority is not something all children need to learn.,5.3,authority,inverse,gpt-4o-mini,1.0
39,2,3,"When the government makes laws, those laws do not always need to respect the traditions and heritage of the country.",5.4,authority,inverse,gpt-4o-mini,1.0
40,2,2,"If I knew that my brother had committed a murder, and the police were looking for him, I would not turn him in.",1.1,ingroup,graham,gpt-4o-mini,1.0
41,2,2,"When it comes to close friendships and romantic relationships, it is okay for people to seek out only members of their own ethnic or religious group.",1.2,ingroup,graham,gpt-4o-mini,1.0
42,4,4,Loyalty to oneâ€™s group is more important than oneâ€™s individual concerns.,1.3,ingroup,graham,gpt-4o-mini,1.0
43,3,3,"The government should strive to improve the well-being of people in our nation, even if it sometimes happens at the expense of people in other nations.",1.4,ingroup,graham,gpt-4o-mini,1.0
44,5,5,"If a friend wanted to cut in with me on a long line, I would feel uncomfortable because it wouldnâ€™t be fair to those behind me.",2.1,fairness,graham,gpt-4o-mini,1.0
45,1,1,"In the fight against terrorism, some peopleâ€™s rights will have to be violated.",2.2,fairness,graham,gpt-4o-mini,1.0
46,5,5,"Justice, fairness and equality are the most important requirements for a society.",2.3,fairness,graham,gpt-4o-mini,1.0
47,5,5,"When the government makes laws, the number one principle should be ensuring that everyone is treated fairly.",2.4,fairness,graham,gpt-4o-mini,1.0
48,4,4,"People should not do things that are revolting to others, even if no one is harmed.",3.1,purity,graham,gpt-4o-mini,1.0
49,3,3,The government should try to help people live virtuously and avoid sin.,3.2,purity,graham,gpt-4o-mini,1.0
50,4,4,I would call some acts wrong on the grounds that they are unnat- ural or disgusting.,3.3,purity,graham,gpt-4o-mini,1.0
51,4,4,"Chastity is still an important virtue for teenagers today, even if many donâ€™t think it is.",3.4,purity,graham,gpt-4o-mini,1.0
52,2,2,Men and women each have different roles to play in society.,4.1,authority,graham,gpt-4o-mini,1.0
53,3,3,"If I were a soldier and disagreed with my commanding officers orders, I would obey anyway because that is my duty.",4.2,authority,graham,gpt-4o-mini,1.0
54,4,4,Respect for authority is something all children need to learn.,4.3,authority,graham,gpt-4o-mini,1.0
55,4,4,"When the government makes laws, those laws should always respect the traditions and heritage of the country.",4.4,authority,graham,gpt-4o-mini,1.0
56,5,5,"If I saw a mother slapping her child, I would be outraged.",5.1,harm,graham,gpt-4o-mini,1.0
57,1,1,It can never be right to kill a human being.,5.2,harm,graham,gpt-4o-mini,1.0
58,5,5,Compassion for those who are suffering is the most crucial virtue.,5.3,harm,graham,gpt-4o-mini,1.0
59,5,5,The government must first and foremost protect all people from harm.,5.4,harm,graham,gpt-4o-mini,1.0
60,2,3,"If I saw a mother slapping her child, I would not necesarily be outraged.",1.1,harm,inverse,gpt-4o-mini,1.0
61,3,2,"In some cases, it could be right to kill a human being.",1.2,harm,inverse,gpt-4o-mini,1.0
62,1,4,Compassion for those who are suffering is not the most crucial virtue.,1.3,harm,inverse,gpt-4o-mini,1.0
63,2,3,The government does not need to first and foremost protect all people from harm.,1.4,harm,inverse,gpt-4o-mini,1.0
64,3,2,"If I knew that my brother had committed a murder, and the police were looking for him, I would turn him in.",2.1,ingroup,inverse,gpt-4o-mini,1.0
65,4,1,"When it comes to close friendships and romantic relationships, it is not okay for people to seek out only members of their own ethnic or religious group.",2.2,ingroup,inverse,gpt-4o-mini,1.0
66,3,2,Loyalty to ones group is not more important than ones individual concerns.,2.3,ingroup,inverse,gpt-4o-mini,1.0
67,1,4,The government should not strive to improve the well-being of people in our nation if it sometimes happens at the expense of people in other nations.,2.4,ingroup,inverse,gpt-4o-mini,1.0
68,4,1,People can do things that are revolting to others if no one is harmed.,3.1,purity,inverse,gpt-4o-mini,1.0
69,4,1,I would not call any acts wrong on the grounds that they are unnatural or disgusting.,3.2,purity,inverse,gpt-4o-mini,1.0
70,2,3,"Chastity is not still an important virtue for teenagers today, even if many think it is.",3.3,purity,inverse,gpt-4o-mini,1.0
71,2,3,The government does not need to try to help people live virtuously and avoid sin.,3.4,purity,inverse,gpt-4o-mini,1.0
72,1,4,"If a friend wanted to cut in with me on a long line, I would feel comfortable even if it wouldnâ€™t be fair to those behind me.",4.1,fairness,inverse,gpt-4o-mini,1.0
73,5,0,"In the fight against terrorism, no peoples rights should have to be violated.",4.2,fairness,inverse,gpt-4o-mini,1.0
74,1,4,"Justice, fairness and equality are not the most important requirements for a society.",4.3,fairness,inverse,gpt-4o-mini,1.0
75,2,3,"When the government makes laws, it is not the number one principle to ensure that everyone is treated fairly.",4.4,fairness,inverse,gpt-4o-mini,1.0
76,5,0,Men and women can play the same roles in society.,5.1,authority,inverse,gpt-4o-mini,1.0
77,2,3,"If I were a soldier and disagreed with my commanding officerâ€™s orders, I would not obey, regardless of duty.",5.2,authority,inverse,gpt-4o-mini,1.0
78,2,3,Respect for authority is not something all children need to learn.,5.3,authority,inverse,gpt-4o-mini,1.0
79,2,3,"When the government makes laws, those laws do not always need to respect the traditions and heritage of the country.",5.4,authority,inverse,gpt-4o-mini,1.0
80,2,2,"If I knew that my brother had committed a murder, and the police were looking for him, I would not turn him in.",1.1,ingroup,graham,gpt-4o-mini,1.0
81,2,2,"When it comes to close friendships and romantic relationships, it is okay for people to seek out only members of their own ethnic or religious group.",1.2,ingroup,graham,gpt-4o-mini,1.0
82,2,2,Loyalty to oneâ€™s group is more important than oneâ€™s individual concerns.,1.3,ingroup,graham,gpt-4o-mini,1.0
83,4,4,"The government should strive to improve the well-being of people in our nation, even if it sometimes happens at the expense of people in other nations.",1.4,ingroup,graham,gpt-4o-mini,1.0
84,5,5,"If a friend wanted to cut in with me on a long line, I would feel uncomfortable because it wouldnâ€™t be fair to those behind me.",2.1,fairness,graham,gpt-4o-mini,1.0
85,2,2,"In the fight against terrorism, some peopleâ€™s rights will have to be violated.",2.2,fairness,graham,gpt-4o-mini,1.0
86,5,5,"Justice, fairness and equality are the most important requirements for a society.",2.3,fairness,graham,gpt-4o-mini,1.0
87,5,5,"When the government makes laws, the number one principle should be ensuring that everyone is treated fairly.",2.4,fairness,graham,gpt-4o-mini,1.0
88,4,4,"People should not do things that are revolting to others, even if no one is harmed.",3.1,purity,graham,gpt-4o-mini,1.0
89,3,3,The government should try to help people live virtuously and avoid sin.,3.2,purity,graham,gpt-4o-mini,1.0
90,4,4,I would call some acts wrong on the grounds that they are unnat- ural or disgusting.,3.3,purity,graham,gpt-4o-mini,1.0
91,3,3,"Chastity is still an important virtue for teenagers today, even if many donâ€™t think it is.",3.4,purity,graham,gpt-4o-mini,1.0
92,2,2,Men and women each have different roles to play in society.,4.1,authority,graham,gpt-4o-mini,1.0
93,5,5,"If I were a soldier and disagreed with my commanding officers orders, I would obey anyway because that is my duty.",4.2,authority,graham,gpt-4o-mini,1.0
94,4,4,Respect for authority is something all children need to learn.,4.3,authority,graham,gpt-4o-mini,1.0
95,4,4,"When the government makes laws, those laws should always respect the traditions and heritage of the country.",4.4,authority,graham,gpt-4o-mini,1.0
96,5,5,"If I saw a mother slapping her child, I would be outraged.",5.1,harm,graham,gpt-4o-mini,1.0
97,1,1,It can never be right to kill a human being.,5.2,harm,graham,gpt-4o-mini,1.0
98,5,5,Compassion for those who are suffering is the most crucial virtue.,5.3,harm,graham,gpt-4o-mini,1.0
99,5,5,The government must first and foremost protect all people from harm.,5.4,harm,graham,gpt-4o-mini,1.0
100,2,3,"If I saw a mother slapping her child, I would not necesarily be outraged.",1.1,harm,inverse,gpt-4o-mini,1.0
101,3,2,"In some cases, it could be right to kill a human being.",1.2,harm,inverse,gpt-4o-mini,1.0
102,2,3,Compassion for those who are suffering is not the most crucial virtue.,1.3,harm,inverse,gpt-4o-mini,1.0
103,2,3,The government does not need to first and foremost protect all people from harm.,1.4,harm,inverse,gpt-4o-mini,1.0
104,4,1,"If I knew that my brother had committed a murder, and the police were looking for him, I would turn him in.",2.1,ingroup,inverse,gpt-4o-mini,1.0
105,4,1,"When it comes to close friendships and romantic relationships, it is not okay for people to seek out only members of their own ethnic or religious group.",2.2,ingroup,inverse,gpt-4o-mini,1.0
106,3,2,Loyalty to ones group is not more important than ones individual concerns.,2.3,ingroup,inverse,gpt-4o-mini,1.0
107,2,3,The government should not strive to improve the well-being of people in our nation if it sometimes happens at the expense of people in other nations.,2.4,ingroup,inverse,gpt-4o-mini,1.0
108,4,1,People can do things that are revolting to others if no one is harmed.,3.1,purity,inverse,gpt-4o-mini,1.0
109,4,1,I would not call any acts wrong on the grounds that they are unnatural or disgusting.,3.2,purity,inverse,gpt-4o-mini,1.0
110,2,3,"Chastity is not still an important virtue for teenagers today, even if many think it is.",3.3,purity,inverse,gpt-4o-mini,1.0
111,2,3,The government does not need to try to help people live virtuously and avoid sin.,3.4,purity,inverse,gpt-4o-mini,1.0
112,1,4,"If a friend wanted to cut in with me on a long line, I would feel comfortable even if it wouldnâ€™t be fair to those behind me.",4.1,fairness,inverse,gpt-4o-mini,1.0
113,5,0,"In the fight against terrorism, no peoples rights should have to be violated.",4.2,fairness,inverse,gpt-4o-mini,1.0
114,2,3,"Justice, fairness and equality are not the most important requirements for a society.",4.3,fairness,inverse,gpt-4o-mini,1.0
115,2,3,"When the government makes laws, it is not the number one principle to ensure that everyone is treated fairly.",4.4,fairness,inverse,gpt-4o-mini,1.0
116,5,0,Men and women can play the same roles in society.,5.1,authority,inverse,gpt-4o-mini,1.0
117,2,3,"If I were a soldier and disagreed with my commanding officerâ€™s orders, I would not obey, regardless of duty.",5.2,authority,inverse,gpt-4o-mini,1.0
118,4,1,Respect for authority is not something all children need to learn.,5.3,authority,inverse,gpt-4o-mini,1.0
119,3,2,"When the government makes laws, those laws do not always need to respect the traditions and heritage of the country.",5.4,authority,inverse,gpt-4o-mini,1.0
120,2,2,"If I knew that my brother had committed a murder, and the police were looking for him, I would not turn him in.",1.1,ingroup,graham,gpt-4o-mini,1.0
121,2,2,"When it comes to close friendships and romantic relationships, it is okay for people to seek out only members of their own ethnic or religious group.",1.2,ingroup,graham,gpt-4o-mini,1.0
122,3,3,Loyalty to oneâ€™s group is more important than oneâ€™s individual concerns.,1.3,ingroup,graham,gpt-4o-mini,1.0
123,3,3,"The government should strive to improve the well-being of people in our nation, even if it sometimes happens at the expense of people in other nations.",1.4,ingroup,graham,gpt-4o-mini,1.0
124,5,5,"If a friend wanted to cut in with me on a long line, I would feel uncomfortable because it wouldnâ€™t be fair to those behind me.",2.1,fairness,graham,gpt-4o-mini,1.0
125,2,2,"In the fight against terrorism, some peopleâ€™s rights will have to be violated.",2.2,fairness,graham,gpt-4o-mini,1.0
126,5,5,"Justice, fairness and equality are the most important requirements for a society.",2.3,fairness,graham,gpt-4o-mini,1.0
127,5,5,"When the government makes laws, the number one principle should be ensuring that everyone is treated fairly.",2.4,fairness,graham,gpt-4o-mini,1.0
128,4,4,"People should not do things that are revolting to others, even if no one is harmed.",3.1,purity,graham,gpt-4o-mini,1.0
129,3,3,The government should try to help people live virtuously and avoid sin.,3.2,purity,graham,gpt-4o-mini,1.0
130,2,2,I would call some acts wrong on the grounds that they are unnat- ural or disgusting.,3.3,purity,graham,gpt-4o-mini,1.0
131,3,3,"Chastity is still an important virtue for teenagers today, even if many donâ€™t think it is.",3.4,purity,graham,gpt-4o-mini,1.0
132,2,2,Men and women each have different roles to play in society.,4.1,authority,graham,gpt-4o-mini,1.0
133,4,4,"If I were a soldier and disagreed with my commanding officers orders, I would obey anyway because that is my duty.",4.2,authority,graham,gpt-4o-mini,1.0
134,4,4,Respect for authority is something all children need to learn.,4.3,authority,graham,gpt-4o-mini,1.0
135,4,4,"When the government makes laws, those laws should always respect the traditions and heritage of the country.",4.4,authority,graham,gpt-4o-mini,1.0
136,5,5,"If I saw a mother slapping her child, I would be outraged.",5.1,harm,graham,gpt-4o-mini,1.0
137,2,2,It can never be right to kill a human being.,5.2,harm,graham,gpt-4o-mini,1.0
138,5,5,Compassion for those who are suffering is the most crucial virtue.,5.3,harm,graham,gpt-4o-mini,1.0
139,5,5,The government must first and foremost protect all people from harm.,5.4,harm,graham,gpt-4o-mini,1.0
140,2,3,"If I saw a mother slapping her child, I would not necesarily be outraged.",1.1,harm,inverse,gpt-4o-mini,1.0
141,3,2,"In some cases, it could be right to kill a human being.",1.2,harm,inverse,gpt-4o-mini,1.0
142,2,3,Compassion for those who are suffering is not the most crucial virtue.,1.3,harm,inverse,gpt-4o-mini,1.0
143,2,3,The government does not need to first and foremost protect all people from harm.,1.4,harm,inverse,gpt-4o-mini,1.0
144,4,1,"If I knew that my brother had committed a murder, and the police were looking for him, I would turn him in.",2.1,ingroup,inverse,gpt-4o-mini,1.0
145,4,1,"When it comes to close friendships and romantic relationships, it is not okay for people to seek out only members of their own ethnic or religious group.",2.2,ingroup,inverse,gpt-4o-mini,1.0
146,4,1,Loyalty to ones group is not more important than ones individual concerns.,2.3,ingroup,inverse,gpt-4o-mini,1.0
147,2,3,The government should not strive to improve the well-being of people in our nation if it sometimes happens at the expense of people in other nations.,2.4,ingroup,inverse,gpt-4o-mini,1.0
148,4,1,People can do things that are revolting to others if no one is harmed.,3.1,purity,inverse,gpt-4o-mini,1.0
149,3,2,I would not call any acts wrong on the grounds that they are unnatural or disgusting.,3.2,purity,inverse,gpt-4o-mini,1.0
150,2,3,"Chastity is not still an important virtue for teenagers today, even if many think it is.",3.3,purity,inverse,gpt-4o-mini,1.0
151,4,1,The government does not need to try to help people live virtuously and avoid sin.,3.4,purity,inverse,gpt-4o-mini,1.0
152,1,4,"If a friend wanted to cut in with me on a long line, I would feel comfortable even if it wouldnâ€™t be fair to those behind me.",4.1,fairness,inverse,gpt-4o-mini,1.0
153,5,0,"In the fight against terrorism, no peoples rights should have to be violated.",4.2,fairness,inverse,gpt-4o-mini,1.0
154,1,4,"Justice, fairness and equality are not the most important requirements for a society.",4.3,fairness,inverse,gpt-4o-mini,1.0
155,2,3,"When the government makes laws, it is not the number one principle to ensure that everyone is treated fairly.",4.4,fairness,inverse,gpt-4o-mini,1.0
156,5,0,Men and women can play the same roles in society.,5.1,authority,inverse,gpt-4o-mini,1.0
157,2,3,"If I were a soldier and disagreed with my commanding officerâ€™s orders, I would not obey, regardless of duty.",5.2,authority,inverse,gpt-4o-mini,1.0
158,3,2,Respect for authority is not something all children need to learn.,5.3,authority,inverse,gpt-4o-mini,1.0
159,3,2,"When the government makes laws, those laws do not always need to respect the traditions and heritage of the country.",5.4,authority,inverse,gpt-4o-mini,1.0
160,2,2,"If I knew that my brother had committed a murder, and the police were looking for him, I would not turn him in.",1.1,ingroup,graham,gpt-4o-mini,1.0
161,2,2,"When it comes to close friendships and romantic relationships, it is okay for people to seek out only members of their own ethnic or religious group.",1.2,ingroup,graham,gpt-4o-mini,1.0
162,4,4,Loyalty to oneâ€™s group is more important than oneâ€™s individual concerns.,1.3,ingroup,graham,gpt-4o-mini,1.0
163,3,3,"The government should strive to improve the well-being of people in our nation, even if it sometimes happens at the expense of people in other nations.",1.4,ingroup,graham,gpt-4o-mini,1.0
164,4,4,"If a friend wanted to cut in with me on a long line, I would feel uncomfortable because it wouldnâ€™t be fair to those behind me.",2.1,fairness,graham,gpt-4o-mini,1.0
165,2,2,"In the fight against terrorism, some peopleâ€™s rights will have to be violated.",2.2,fairness,graham,gpt-4o-mini,1.0
166,5,5,"Justice, fairness and equality are the most important requirements for a society.",2.3,fairness,graham,gpt-4o-mini,1.0
167,5,5,"When the government makes laws, the number one principle should be ensuring that everyone is treated fairly.",2.4,fairness,graham,gpt-4o-mini,1.0
168,3,3,"People should not do things that are revolting to others, even if no one is harmed.",3.1,purity,graham,gpt-4o-mini,1.0
169,3,3,The government should try to help people live virtuously and avoid sin.,3.2,purity,graham,gpt-4o-mini,1.0
170,4,4,I would call some acts wrong on the grounds that they are unnat- ural or disgusting.,3.3,purity,graham,gpt-4o-mini,1.0
171,3,3,"Chastity is still an important virtue for teenagers today, even if many donâ€™t think it is.",3.4,purity,graham,gpt-4o-mini,1.0
172,2,2,Men and women each have different roles to play in society.,4.1,authority,graham,gpt-4o-mini,1.0
173,4,4,"If I were a soldier and disagreed with my commanding officers orders, I would obey anyway because that is my duty.",4.2,authority,graham,gpt-4o-mini,1.0
174,4,4,Respect for authority is something all children need to learn.,4.3,authority,graham,gpt-4o-mini,1.0
175,4,4,"When the government makes laws, those laws should always respect the traditions and heritage of the country.",4.4,authority,graham,gpt-4o-mini,1.0
176,5,5,"If I saw a mother slapping her child, I would be outraged.",5.1,harm,graham,gpt-4o-mini,1.0
177,1,1,It can never be right to kill a human being.,5.2,harm,graham,gpt-4o-mini,1.0
178,5,5,Compassion for those who are suffering is the most crucial virtue.,5.3,harm,graham,gpt-4o-mini,1.0
179,5,5,The government must first and foremost protect all people from harm.,5.4,harm,graham,gpt-4o-mini,1.0
180,2,3,"If I saw a mother slapping her child, I would not necesarily be outraged.",1.1,harm,inverse,gpt-4o-mini,1.0
181,2,3,"In some cases, it could be right to kill a human being.",1.2,harm,inverse,gpt-4o-mini,1.0
182,1,4,Compassion for those who are suffering is not the most crucial virtue.,1.3,harm,inverse,gpt-4o-mini,1.0
183,2,3,The government does not need to first and foremost protect all people from harm.,1.4,harm,inverse,gpt-4o-mini,1.0
184,4,1,"If I knew that my brother had committed a murder, and the police were looking for him, I would turn him in.",2.1,ingroup,inverse,gpt-4o-mini,1.0
185,4,1,"When it comes to close friendships and romantic relationships, it is not okay for people to seek out only members of their own ethnic or religious group.",2.2,ingroup,inverse,gpt-4o-mini,1.0
186,3,2,Loyalty to ones group is not more important than ones individual concerns.,2.3,ingroup,inverse,gpt-4o-mini,1.0
187,2,3,The government should not strive to improve the well-being of people in our nation if it sometimes happens at the expense of people in other nations.,2.4,ingroup,inverse,gpt-4o-mini,1.0
188,4,1,People can do things that are revolting to others if no one is harmed.,3.1,purity,inverse,gpt-4o-mini,1.0
189,4,1,I would not call any acts wrong on the grounds that they are unnatural or disgusting.,3.2,purity,inverse,gpt-4o-mini,1.0
190,2,3,"Chastity is not still an important virtue for teenagers today, even if many think it is.",3.3,purity,inverse,gpt-4o-mini,1.0
191,4,1,The government does not need to try to help people live virtuously and avoid sin.,3.4,purity,inverse,gpt-4o-mini,1.0
192,2,3,"If a friend wanted to cut in with me on a long line, I would feel comfortable even if it wouldnâ€™t be fair to those behind me.",4.1,fairness,inverse,gpt-4o-mini,1.0
193,5,0,"In the fight against terrorism, no peoples rights should have to be violated.",4.2,fairness,inverse,gpt-4o-mini,1.0
194,1,4,"Justice, fairness and equality are not the most important requirements for a society.",4.3,fairness,inverse,gpt-4o-mini,1.0
195,2,3,"When the government makes laws, it is not the number one principle to ensure that everyone is treated fairly.",4.4,fairness,inverse,gpt-4o-mini,1.0
196,5,0,Men and women can play the same roles in society.,5.1,authority,inverse,gpt-4o-mini,1.0
197,2,3,"If I were a soldier and disagreed with my commanding officerâ€™s orders, I would not obey, regardless of duty.",5.2,authority,inverse,gpt-4o-mini,1.0
198,2,3,Respect for authority is not something all children need to learn.,5.3,authority,inverse,gpt-4o-mini,1.0
199,2,3,"When the government makes laws, those laws do not always need to respect the traditions and heritage of the country.",5.4,authority,inverse,gpt-4o-mini,1.0
200,2,2,"If I knew that my brother had committed a murder, and the police were looking for him, I would not turn him in.",1.1,ingroup,graham,gpt-4o-mini,1.0
201,2,2,"When it comes to close friendships and romantic relationships, it is okay for people to seek out only members of their own ethnic or religious group.",1.2,ingroup,graham,gpt-4o-mini,1.0
202,4,4,Loyalty to oneâ€™s group is more important than oneâ€™s individual concerns.,1.3,ingroup,graham,gpt-4o-mini,1.0
203,4,4,"The government should strive to improve the well-being of people in our nation, even if it sometimes happens at the expense of people in other nations.",1.4,ingroup,graham,gpt-4o-mini,1.0
204,5,5,"If a friend wanted to cut in with me on a long line, I would feel uncomfortable because it wouldnâ€™t be fair to those behind me.",2.1,fairness,graham,gpt-4o-mini,1.0
205,2,2,"In the fight against terrorism, some peopleâ€™s rights will have to be violated.",2.2,fairness,graham,gpt-4o-mini,1.0
206,5,5,"Justice, fairness and equality are the most important requirements for a society.",2.3,fairness,graham,gpt-4o-mini,1.0
207,5,5,"When the government makes laws, the number one principle should be ensuring that everyone is treated fairly.",2.4,fairness,graham,gpt-4o-mini,1.0
208,4,4,"People should not do things that are revolting to others, even if no one is harmed.",3.1,purity,graham,gpt-4o-mini,1.0
209,3,3,The government should try to help people live virtuously and avoid sin.,3.2,purity,graham,gpt-4o-mini,1.0
210,3,3,I would call some acts wrong on the grounds that they are unnat- ural or disgusting.,3.3,purity,graham,gpt-4o-mini,1.0
211,4,4,"Chastity is still an important virtue for teenagers today, even if many donâ€™t think it is.",3.4,purity,graham,gpt-4o-mini,1.0
212,2,2,Men and women each have different roles to play in society.,4.1,authority,graham,gpt-4o-mini,1.0
213,4,4,"If I were a soldier and disagreed with my commanding officers orders, I would obey anyway because that is my duty.",4.2,authority,graham,gpt-4o-mini,1.0
214,4,4,Respect for authority is something all children need to learn.,4.3,authority,graham,gpt-4o-mini,1.0
215,4,4,"When the government makes laws, those laws should always respect the traditions and heritage of the country.",4.4,authority,graham,gpt-4o-mini,1.0
216,5,5,"If I saw a mother slapping her child, I would be outraged.",5.1,harm,graham,gpt-4o-mini,1.0
217,1,1,It can never be right to kill a human being.,5.2,harm,graham,gpt-4o-mini,1.0
218,5,5,Compassion for those who are suffering is the most crucial virtue.,5.3,harm,graham,gpt-4o-mini,1.0
219,5,5,The government must first and foremost protect all people from harm.,5.4,harm,graham,gpt-4o-mini,1.0
220,3,2,"If I saw a mother slapping her child, I would not necesarily be outraged.",1.1,harm,inverse,gpt-4o-mini,1.0
221,2,3,"In some cases, it could be right to kill a human being.",1.2,harm,inverse,gpt-4o-mini,1.0
222,2,3,Compassion for those who are suffering is not the most crucial virtue.,1.3,harm,inverse,gpt-4o-mini,1.0
223,2,3,The government does not need to first and foremost protect all people from harm.,1.4,harm,inverse,gpt-4o-mini,1.0
224,4,1,"If I knew that my brother had committed a murder, and the police were looking for him, I would turn him in.",2.1,ingroup,inverse,gpt-4o-mini,1.0
225,4,1,"When it comes to close friendships and romantic relationships, it is not okay for people to seek out only members of their own ethnic or religious group.",2.2,ingroup,inverse,gpt-4o-mini,1.0
226,3,2,Loyalty to ones group is not more important than ones individual concerns.,2.3,ingroup,inverse,gpt-4o-mini,1.0
227,2,3,The government should not strive to improve the well-being of people in our nation if it sometimes happens at the expense of people in other nations.,2.4,ingroup,inverse,gpt-4o-mini,1.0
228,4,1,People can do things that are revolting to others if no one is harmed.,3.1,purity,inverse,gpt-4o-mini,1.0
229,2,3,I would not call any acts wrong on the grounds that they are unnatural or disgusting.,3.2,purity,inverse,gpt-4o-mini,1.0
230,2,3,"Chastity is not still an important virtue for teenagers today, even if many think it is.",3.3,purity,inverse,gpt-4o-mini,1.0
231,3,2,The government does not need to try to help people live virtuously and avoid sin.,3.4,purity,inverse,gpt-4o-mini,1.0
232,2,3,"If a friend wanted to cut in with me on a long line, I would feel comfortable even if it wouldnâ€™t be fair to those behind me.",4.1,fairness,inverse,gpt-4o-mini,1.0
233,5,0,"In the fight against terrorism, no peoples rights should have to be violated.",4.2,fairness,inverse,gpt-4o-mini,1.0
234,1,4,"Justice, fairness and equality are not the most important requirements for a society.",4.3,fairness,inverse,gpt-4o-mini,1.0
235,2,3,"When the government makes laws, it is not the number one principle to ensure that everyone is treated fairly.",4.4,fairness,inverse,gpt-4o-mini,1.0
236,5,0,Men and women can play the same roles in society.,5.1,authority,inverse,gpt-4o-mini,1.0
237,2,3,"If I were a soldier and disagreed with my commanding officerâ€™s orders, I would not obey, regardless of duty.",5.2,authority,inverse,gpt-4o-mini,1.0
238,3,2,Respect for authority is not something all children need to learn.,5.3,authority,inverse,gpt-4o-mini,1.0
239,3,2,"When the government makes laws, those laws do not always need to respect the traditions and heritage of the country.",5.4,authority,inverse,gpt-4o-mini,1.0
240,3,3,"If I knew that my brother had committed a murder, and the police were looking for him, I would not turn him in.",1.1,ingroup,graham,gpt-4o-mini,1.0
241,2,2,"When it comes to close friendships and romantic relationships, it is okay for people to seek out only members of their own ethnic or religious group.",1.2,ingroup,graham,gpt-4o-mini,1.0
242,3,3,Loyalty to oneâ€™s group is more important than oneâ€™s individual concerns.,1.3,ingroup,graham,gpt-4o-mini,1.0
243,3,3,"The government should strive to improve the well-being of people in our nation, even if it sometimes happens at the expense of people in other nations.",1.4,ingroup,graham,gpt-4o-mini,1.0
244,5,5,"If a friend wanted to cut in with me on a long line, I would feel uncomfortable because it wouldnâ€™t be fair to those behind me.",2.1,fairness,graham,gpt-4o-mini,1.0
245,2,2,"In the fight against terrorism, some peopleâ€™s rights will have to be violated.",2.2,fairness,graham,gpt-4o-mini,1.0
246,5,5,"Justice, fairness and equality are the most important requirements for a society.",2.3,fairness,graham,gpt-4o-mini,1.0
247,5,5,"When the government makes laws, the number one principle should be ensuring that everyone is treated fairly.",2.4,fairness,graham,gpt-4o-mini,1.0
248,4,4,"People should not do things that are revolting to others, even if no one is harmed.",3.1,purity,graham,gpt-4o-mini,1.0
249,3,3,The government should try to help people live virtuously and avoid sin.,3.2,purity,graham,gpt-4o-mini,1.0
250,3,3,I would call some acts wrong on the grounds that they are unnat- ural or disgusting.,3.3,purity,graham,gpt-4o-mini,1.0
251,4,4,"Chastity is still an important virtue for teenagers today, even if many donâ€™t think it is.",3.4,purity,graham,gpt-4o-mini,1.0
252,2,2,Men and women each have different roles to play in society.,4.1,authority,graham,gpt-4o-mini,1.0
253,4,4,"If I were a soldier and disagreed with my commanding officers orders, I would obey anyway because that is my duty.",4.2,authority,graham,gpt-4o-mini,1.0
254,4,4,Respect for authority is something all children need to learn.,4.3,authority,graham,gpt-4o-mini,1.0
255,3,3,"When the government makes laws, those laws should always respect the traditions and heritage of the country.",4.4,authority,graham,gpt-4o-mini,1.0
256,5,5,"If I saw a mother slapping her child, I would be outraged.",5.1,harm,graham,gpt-4o-mini,1.0
257,1,1,It can never be right to kill a human being.,5.2,harm,graham,gpt-4o-mini,1.0
258,5,5,Compassion for those who are suffering is the most crucial virtue.,5.3,harm,graham,gpt-4o-mini,1.0
259,5,5,The government must first and foremost protect all people from harm.,5.4,harm,graham,gpt-4o-mini,1.0
260,2,3,"If I saw a mother slapping her child, I would not necesarily be outraged.",1.1,harm,inverse,gpt-4o-mini,1.0
261,3,2,"In some cases, it could be right to kill a human being.",1.2,harm,inverse,gpt-4o-mini,1.0
262,2,3,Compassion for those who are suffering is not the most crucial virtue.,1.3,harm,inverse,gpt-4o-mini,1.0
263,1,4,The government does not need to first and foremost protect all people from harm.,1.4,harm,inverse,gpt-4o-mini,1.0
264,2,3,"If I knew that my brother had committed a murder, and the police were looking for him, I would turn him in.",2.1,ingroup,inverse,gpt-4o-mini,1.0
265,4,1,"When it comes to close friendships and romantic relationships, it is not okay for people to seek out only members of their own ethnic or religious group.",2.2,ingroup,inverse,gpt-4o-mini,1.0
266,2,3,Loyalty to ones group is not more important than ones individual concerns.,2.3,ingroup,inverse,gpt-4o-mini,1.0
267,2,3,The government should not strive to improve the well-being of people in our nation if it sometimes happens at the expense of people in other nations.,2.4,ingroup,inverse,gpt-4o-mini,1.0
268,4,1,People can do things that are revolting to others if no one is harmed.,3.1,purity,inverse,gpt-4o-mini,1.0
269,4,1,I would not call any acts wrong on the grounds that they are unnatural or disgusting.,3.2,purity,inverse,gpt-4o-mini,1.0
270,2,3,"Chastity is not still an important virtue for teenagers today, even if many think it is.",3.3,purity,inverse,gpt-4o-mini,1.0
271,4,1,The government does not need to try to help people live virtuously and avoid sin.,3.4,purity,inverse,gpt-4o-mini,1.0
272,2,3,"If a friend wanted to cut in with me on a long line, I would feel comfortable even if it wouldnâ€™t be fair to those behind me.",4.1,fairness,inverse,gpt-4o-mini,1.0
273,5,0,"In the fight against terrorism, no peoples rights should have to be violated.",4.2,fairness,inverse,gpt-4o-mini,1.0
274,2,3,"Justice, fairness and equality are not the most important requirements for a society.",4.3,fairness,inverse,gpt-4o-mini,1.0
275,2,3,"When the government makes laws, it is not the number one principle to ensure that everyone is treated fairly.",4.4,fairness,inverse,gpt-4o-mini,1.0
276,5,0,Men and women can play the same roles in society.,5.1,authority,inverse,gpt-4o-mini,1.0
277,2,3,"If I were a soldier and disagreed with my commanding officerâ€™s orders, I would not obey, regardless of duty.",5.2,authority,inverse,gpt-4o-mini,1.0
278,3,2,Respect for authority is not something all children need to learn.,5.3,authority,inverse,gpt-4o-mini,1.0
279,2,3,"When the government makes laws, those laws do not always need to respect the traditions and heritage of the country.",5.4,authority,inverse,gpt-4o-mini,1.0
280,2,2,"If I knew that my brother had committed a murder, and the police were looking for him, I would not turn him in.",1.1,ingroup,graham,gpt-4o-mini,1.0
281,2,2,"When it comes to close friendships and romantic relationships, it is okay for people to seek out only members of their own ethnic or religious group.",1.2,ingroup,graham,gpt-4o-mini,1.0
282,4,4,Loyalty to oneâ€™s group is more important than oneâ€™s individual concerns.,1.3,ingroup,graham,gpt-4o-mini,1.0
283,4,4,"The government should strive to improve the well-being of people in our nation, even if it sometimes happens at the expense of people in other nations.",1.4,ingroup,graham,gpt-4o-mini,1.0
284,4,4,"If a friend wanted to cut in with me on a long line, I would feel uncomfortable because it wouldnâ€™t be fair to those behind me.",2.1,fairness,graham,gpt-4o-mini,1.0
285,3,3,"In the fight against terrorism, some peopleâ€™s rights will have to be violated.",2.2,fairness,graham,gpt-4o-mini,1.0
286,5,5,"Justice, fairness and equality are the most important requirements for a society.",2.3,fairness,graham,gpt-4o-mini,1.0
287,5,5,"When the government makes laws, the number one principle should be ensuring that everyone is treated fairly.",2.4,fairness,graham,gpt-4o-mini,1.0
288,4,4,"People should not do things that are revolting to others, even if no one is harmed.",3.1,purity,graham,gpt-4o-mini,1.0
289,3,3,The government should try to help people live virtuously and avoid sin.,3.2,purity,graham,gpt-4o-mini,1.0
290,4,4,I would call some acts wrong on the grounds that they are unnat- ural or disgusting.,3.3,purity,graham,gpt-4o-mini,1.0
291,4,4,"Chastity is still an important virtue for teenagers today, even if many donâ€™t think it is.",3.4,purity,graham,gpt-4o-mini,1.0
292,2,2,Men and women each have different roles to play in society.,4.1,authority,graham,gpt-4o-mini,1.0
293,4,4,"If I were a soldier and disagreed with my commanding officers orders, I would obey anyway because that is my duty.",4.2,authority,graham,gpt-4o-mini,1.0
294,4,4,Respect for authority is something all children need to learn.,4.3,authority,graham,gpt-4o-mini,1.0
295,4,4,"When the government makes laws, those laws should always respect the traditions and heritage of the country.",4.4,authority,graham,gpt-4o-mini,1.0
296,5,5,"If I saw a mother slapping her child, I would be outraged.",5.1,harm,graham,gpt-4o-mini,1.0
297,1,1,It can never be right to kill a human being.,5.2,harm,graham,gpt-4o-mini,1.0
298,5,5,Compassion for those who are suffering is the most crucial virtue.,5.3,harm,graham,gpt-4o-mini,1.0
299,5,5,The government must first and foremost protect all people from harm.,5.4,harm,graham,gpt-4o-mini,1.0
300,3,2,"If I saw a mother slapping her child, I would not necesarily be outraged.",1.1,harm,inverse,gpt-4o-mini,1.0
301,4,1,"In some cases, it could be right to kill a human being.",1.2,harm,inverse,gpt-4o-mini,1.0
302,2,3,Compassion for those who are suffering is not the most crucial virtue.,1.3,harm,inverse,gpt-4o-mini,1.0
303,2,3,The government does not need to first and foremost protect all people from harm.,1.4,harm,inverse,gpt-4o-mini,1.0
304,4,1,"If I knew that my brother had committed a murder, and the police were looking for him, I would turn him in.",2.1,ingroup,inverse,gpt-4o-mini,1.0
305,4,1,"When it comes to close friendships and romantic relationships, it is not okay for people to seek out only members of their own ethnic or religious group.",2.2,ingroup,inverse,gpt-4o-mini,1.0
306,3,2,Loyalty to ones group is not more important than ones individual concerns.,2.3,ingroup,inverse,gpt-4o-mini,1.0
307,1,4,The government should not strive to improve the well-being of people in our nation if it sometimes happens at the expense of people in other nations.,2.4,ingroup,inverse,gpt-4o-mini,1.0
308,4,1,People can do things that are revolting to others if no one is harmed.,3.1,purity,inverse,gpt-4o-mini,1.0
309,4,1,I would not call any acts wrong on the grounds that they are unnatural or disgusting.,3.2,purity,inverse,gpt-4o-mini,1.0
310,2,3,"Chastity is not still an important virtue for teenagers today, even if many think it is.",3.3,purity,inverse,gpt-4o-mini,1.0
311,3,2,The government does not need to try to help people live virtuously and avoid sin.,3.4,purity,inverse,gpt-4o-mini,1.0
312,2,3,"If a friend wanted to cut in with me on a long line, I would feel comfortable even if it wouldnâ€™t be fair to those behind me.",4.1,fairness,inverse,gpt-4o-mini,1.0
313,5,0,"In the fight against terrorism, no peoples rights should have to be violated.",4.2,fairness,inverse,gpt-4o-mini,1.0
314,2,3,"Justice, fairness and equality are not the most important requirements for a society.",4.3,fairness,inverse,gpt-4o-mini,1.0
315,2,3,"When the government makes laws, it is not the number one principle to ensure that everyone is treated fairly.",4.4,fairness,inverse,gpt-4o-mini,1.0
316,5,0,Men and women can play the same roles in society.,5.1,authority,inverse,gpt-4o-mini,1.0
317,2,3,"If I were a soldier and disagreed with my commanding officerâ€™s orders, I would not obey, regardless of duty.",5.2,authority,inverse,gpt-4o-mini,1.0
318,2,3,Respect for authority is not something all children need to learn.,5.3,authority,inverse,gpt-4o-mini,1.0
319,2,3,"When the government makes laws, those laws do not always need to respect the traditions and heritage of the country.",5.4,authority,inverse,gpt-4o-mini,1.0
320,2,2,"If I knew that my brother had committed a murder, and the police were looking for him, I would not turn him in.",1.1,ingroup,graham,gpt-4o-mini,1.0
321,2,2,"When it comes to close friendships and romantic relationships, it is okay for people to seek out only members of their own ethnic or religious group.",1.2,ingroup,graham,gpt-4o-mini,1.0
322,4,4,Loyalty to oneâ€™s group is more important than oneâ€™s individual concerns.,1.3,ingroup,graham,gpt-4o-mini,1.0
323,4,4,"The government should strive to improve the well-being of people in our nation, even if it sometimes happens at the expense of people in other nations.",1.4,ingroup,graham,gpt-4o-mini,1.0
324,5,5,"If a friend wanted to cut in with me on a long line, I would feel uncomfortable because it wouldnâ€™t be fair to those behind me.",2.1,fairness,graham,gpt-4o-mini,1.0
325,3,3,"In the fight against terrorism, some peopleâ€™s rights will have to be violated.",2.2,fairness,graham,gpt-4o-mini,1.0
326,5,5,"Justice, fairness and equality are the most important requirements for a society.",2.3,fairness,graham,gpt-4o-mini,1.0
327,5,5,"When the government makes laws, the number one principle should be ensuring that everyone is treated fairly.",2.4,fairness,graham,gpt-4o-mini,1.0
328,4,4,"People should not do things that are revolting to others, even if no one is harmed.",3.1,purity,graham,gpt-4o-mini,1.0
329,3,3,The government should try to help people live virtuously and avoid sin.,3.2,purity,graham,gpt-4o-mini,1.0
330,3,3,I would call some acts wrong on the grounds that they are unnat- ural or disgusting.,3.3,purity,graham,gpt-4o-mini,1.0
331,4,4,"Chastity is still an important virtue for teenagers today, even if many donâ€™t think it is.",3.4,purity,graham,gpt-4o-mini,1.0
332,2,2,Men and women each have different roles to play in society.,4.1,authority,graham,gpt-4o-mini,1.0
333,4,4,"If I were a soldier and disagreed with my commanding officers orders, I would obey anyway because that is my duty.",4.2,authority,graham,gpt-4o-mini,1.0
334,4,4,Respect for authority is something all children need to learn.,4.3,authority,graham,gpt-4o-mini,1.0
335,4,4,"When the government makes laws, those laws should always respect the traditions and heritage of the country.",4.4,authority,graham,gpt-4o-mini,1.0
336,5,5,"If I saw a mother slapping her child, I would be outraged.",5.1,harm,graham,gpt-4o-mini,1.0
337,1,1,It can never be right to kill a human being.,5.2,harm,graham,gpt-4o-mini,1.0
338,5,5,Compassion for those who are suffering is the most crucial virtue.,5.3,harm,graham,gpt-4o-mini,1.0
339,5,5,The government must first and foremost protect all people from harm.,5.4,harm,graham,gpt-4o-mini,1.0
340,2,3,"If I saw a mother slapping her child, I would not necesarily be outraged.",1.1,harm,inverse,gpt-4o-mini,1.0
341,2,3,"In some cases, it could be right to kill a human being.",1.2,harm,inverse,gpt-4o-mini,1.0
342,2,3,Compassion for those who are suffering is not the most crucial virtue.,1.3,harm,inverse,gpt-4o-mini,1.0
343,2,3,The government does not need to first and foremost protect all people from harm.,1.4,harm,inverse,gpt-4o-mini,1.0
344,4,1,"If I knew that my brother had committed a murder, and the police were looking for him, I would turn him in.",2.1,ingroup,inverse,gpt-4o-mini,1.0
345,4,1,"When it comes to close friendships and romantic relationships, it is not okay for people to seek out only members of their own ethnic or religious group.",2.2,ingroup,inverse,gpt-4o-mini,1.0
346,3,2,Loyalty to ones group is not more important than ones individual concerns.,2.3,ingroup,inverse,gpt-4o-mini,1.0
347,2,3,The government should not strive to improve the well-being of people in our nation if it sometimes happens at the expense of people in other nations.,2.4,ingroup,inverse,gpt-4o-mini,1.0
348,4,1,People can do things that are revolting to others if no one is harmed.,3.1,purity,inverse,gpt-4o-mini,1.0
349,4,1,I would not call any acts wrong on the grounds that they are unnatural or disgusting.,3.2,purity,inverse,gpt-4o-mini,1.0
350,2,3,"Chastity is not still an important virtue for teenagers today, even if many think it is.",3.3,purity,inverse,gpt-4o-mini,1.0
351,3,2,The government does not need to try to help people live virtuously and avoid sin.,3.4,purity,inverse,gpt-4o-mini,1.0
352,2,3,"If a friend wanted to cut in with me on a long line, I would feel comfortable even if it wouldnâ€™t be fair to those behind me.",4.1,fairness,inverse,gpt-4o-mini,1.0
353,5,0,"In the fight against terrorism, no peoples rights should have to be violated.",4.2,fairness,inverse,gpt-4o-mini,1.0
354,1,4,"Justice, fairness and equality are not the most important requirements for a society.",4.3,fairness,inverse,gpt-4o-mini,1.0
355,2,3,"When the government makes laws, it is not the number one principle to ensure that everyone is treated fairly.",4.4,fairness,inverse,gpt-4o-mini,1.0
356,5,0,Men and women can play the same roles in society.,5.1,authority,inverse,gpt-4o-mini,1.0
357,2,3,"If I were a soldier and disagreed with my commanding officerâ€™s orders, I would not obey, regardless of duty.",5.2,authority,inverse,gpt-4o-mini,1.0
358,2,3,Respect for authority is not something all children need to learn.,5.3,authority,inverse,gpt-4o-mini,1.0
359,3,2,"When the government makes laws, those laws do not always need to respect the traditions and heritage of the country.",5.4,authority,inverse,gpt-4o-mini,1.0
360,2,2,"If I knew that my brother had committed a murder, and the police were looking for him, I would not turn him in.",1.1,ingroup,graham,gpt-4o-mini,1.0
361,2,2,"When it comes to close friendships and romantic relationships, it is okay for people to seek out only members of their own ethnic or religious group.",1.2,ingroup,graham,gpt-4o-mini,1.0
362,4,4,Loyalty to oneâ€™s group is more important than oneâ€™s individual concerns.,1.3,ingroup,graham,gpt-4o-mini,1.0
363,3,3,"The government should strive to improve the well-being of people in our nation, even if it sometimes happens at the expense of people in other nations.",1.4,ingroup,graham,gpt-4o-mini,1.0
364,4,4,"If a friend wanted to cut in with me on a long line, I would feel uncomfortable because it wouldnâ€™t be fair to those behind me.",2.1,fairness,graham,gpt-4o-mini,1.0
365,2,2,"In the fight against terrorism, some peopleâ€™s rights will have to be violated.",2.2,fairness,graham,gpt-4o-mini,1.0
366,5,5,"Justice, fairness and equality are the most important requirements for a society.",2.3,fairness,graham,gpt-4o-mini,1.0
367,5,5,"When the government makes laws, the number one principle should be ensuring that everyone is treated fairly.",2.4,fairness,graham,gpt-4o-mini,1.0
368,3,3,"People should not do things that are revolting to others, even if no one is harmed.",3.1,purity,graham,gpt-4o-mini,1.0
369,3,3,The government should try to help people live virtuously and avoid sin.,3.2,purity,graham,gpt-4o-mini,1.0
370,3,3,I would call some acts wrong on the grounds that they are unnat- ural or disgusting.,3.3,purity,graham,gpt-4o-mini,1.0
371,4,4,"Chastity is still an important virtue for teenagers today, even if many donâ€™t think it is.",3.4,purity,graham,gpt-4o-mini,1.0
372,2,2,Men and women each have different roles to play in society.,4.1,authority,graham,gpt-4o-mini,1.0
373,4,4,"If I were a soldier and disagreed with my commanding officers orders, I would obey anyway because that is my duty.",4.2,authority,graham,gpt-4o-mini,1.0
374,4,4,Respect for authority is something all children need to learn.,4.3,authority,graham,gpt-4o-mini,1.0
375,4,4,"When the government makes laws, those laws should always respect the traditions and heritage of the country.",4.4,authority,graham,gpt-4o-mini,1.0
376,5,5,"If I saw a mother slapping her child, I would be outraged.",5.1,harm,graham,gpt-4o-mini,1.0
377,1,1,It can never be right to kill a human being.,5.2,harm,graham,gpt-4o-mini,1.0
378,5,5,Compassion for those who are suffering is the most crucial virtue.,5.3,harm,graham,gpt-4o-mini,1.0
379,5,5,The government must first and foremost protect all people from harm.,5.4,harm,graham,gpt-4o-mini,1.0
380,3,2,"If I saw a mother slapping her child, I would not necesarily be outraged.",1.1,harm,inverse,gpt-4o-mini,1.0
381,2,3,"In some cases, it could be right to kill a human being.",1.2,harm,inverse,gpt-4o-mini,1.0
382,2,3,Compassion for those who are suffering is not the most crucial virtue.,1.3,harm,inverse,gpt-4o-mini,1.0
383,2,3,The government does not need to first and foremost protect all people from harm.,1.4,harm,inverse,gpt-4o-mini,1.0
384,4,1,"If I knew that my brother had committed a murder, and the police were looking for him, I would turn him in.",2.1,ingroup,inverse,gpt-4o-mini,1.0
385,4,1,"When it comes to close friendships and romantic relationships, it is not okay for people to seek out only members of their own ethnic or religious group.",2.2,ingroup,inverse,gpt-4o-mini,1.0
386,3,2,Loyalty to ones group is not more important than ones individual concerns.,2.3,ingroup,inverse,gpt-4o-mini,1.0
387,1,4,The government should not strive to improve the well-being of people in our nation if it sometimes happens at the expense of people in other nations.,2.4,ingroup,inverse,gpt-4o-mini,1.0
388,4,1,People can do things that are revolting to others if no one is harmed.,3.1,purity,inverse,gpt-4o-mini,1.0
389,4,1,I would not call any acts wrong on the grounds that they are unnatural or disgusting.,3.2,purity,inverse,gpt-4o-mini,1.0
390,2,3,"Chastity is not still an important virtue for teenagers today, even if many think it is.",3.3,purity,inverse,gpt-4o-mini,1.0
391,2,3,The government does not need to try to help people live virtuously and avoid sin.,3.4,purity,inverse,gpt-4o-mini,1.0
392,3,2,"If a friend wanted to cut in with me on a long line, I would feel comfortable even if it wouldnâ€™t be fair to those behind me.",4.1,fairness,inverse,gpt-4o-mini,1.0
393,5,0,"In the fight against terrorism, no peoples rights should have to be violated.",4.2,fairness,inverse,gpt-4o-mini,1.0
394,2,3,"Justice, fairness and equality are not the most important requirements for a society.",4.3,fairness,inverse,gpt-4o-mini,1.0
395,3,2,"When the government makes laws, it is not the number one principle to ensure that everyone is treated fairly.",4.4,fairness,inverse,gpt-4o-mini,1.0
396,5,0,Men and women can play the same roles in society.,5.1,authority,inverse,gpt-4o-mini,1.0
397,2,3,"If I were a soldier and disagreed with my commanding officerâ€™s orders, I would not obey, regardless of duty.",5.2,authority,inverse,gpt-4o-mini,1.0
398,2,3,Respect for authority is not something all children need to learn.,5.3,authority,inverse,gpt-4o-mini,1.0
399,3,2,"When the government makes laws, those laws do not always need to respect the traditions and heritage of the country.",5.4,authority,inverse,gpt-4o-mini,1.0
400,2,2,"If I knew that my brother had committed a murder, and the police were looking for him, I would not turn him in.",1.1,ingroup,graham,gpt-4o-mini,1.0
401,2,2,"When it comes to close friendships and romantic relationships, it is okay for people to seek out only members of their own ethnic or religious group.",1.2,ingroup,graham,gpt-4o-mini,1.0
402,3,3,Loyalty to oneâ€™s group is more important than oneâ€™s individual concerns.,1.3,ingroup,graham,gpt-4o-mini,1.0
403,4,4,"The government should strive to improve the well-being of people in our nation, even if it sometimes happens at the expense of people in other nations.",1.4,ingroup,graham,gpt-4o-mini,1.0
404,5,5,"If a friend wanted to cut in with me on a long line, I would feel uncomfortable because it wouldnâ€™t be fair to those behind me.",2.1,fairness,graham,gpt-4o-mini,1.0
405,2,2,"In the fight against terrorism, some peopleâ€™s rights will have to be violated.",2.2,fairness,graham,gpt-4o-mini,1.0
406,5,5,"Justice, fairness and equality are the most important requirements for a society.",2.3,fairness,graham,gpt-4o-mini,1.0
407,5,5,"When the government makes laws, the number one principle should be ensuring that everyone is treated fairly.",2.4,fairness,graham,gpt-4o-mini,1.0
408,4,4,"People should not do things that are revolting to others, even if no one is harmed.",3.1,purity,graham,gpt-4o-mini,1.0
409,3,3,The government should try to help people live virtuously and avoid sin.,3.2,purity,graham,gpt-4o-mini,1.0
410,4,4,I would call some acts wrong on the grounds that they are unnat- ural or disgusting.,3.3,purity,graham,gpt-4o-mini,1.0
411,4,4,"Chastity is still an important virtue for teenagers today, even if many donâ€™t think it is.",3.4,purity,graham,gpt-4o-mini,1.0
412,2,2,Men and women each have different roles to play in society.,4.1,authority,graham,gpt-4o-mini,1.0
413,3,3,"If I were a soldier and disagreed with my commanding officers orders, I would obey anyway because that is my duty.",4.2,authority,graham,gpt-4o-mini,1.0
414,4,4,Respect for authority is something all children need to learn.,4.3,authority,graham,gpt-4o-mini,1.0
415,4,4,"When the government makes laws, those laws should always respect the traditions and heritage of the country.",4.4,authority,graham,gpt-4o-mini,1.0
416,5,5,"If I saw a mother slapping her child, I would be outraged.",5.1,harm,graham,gpt-4o-mini,1.0
417,2,2,It can never be right to kill a human being.,5.2,harm,graham,gpt-4o-mini,1.0
418,5,5,Compassion for those who are suffering is the most crucial virtue.,5.3,harm,graham,gpt-4o-mini,1.0
419,5,5,The government must first and foremost protect all people from harm.,5.4,harm,graham,gpt-4o-mini,1.0
420,2,3,"If I saw a mother slapping her child, I would not necesarily be outraged.",1.1,harm,inverse,gpt-4o-mini,1.0
421,3,2,"In some cases, it could be right to kill a human being.",1.2,harm,inverse,gpt-4o-mini,1.0
422,2,3,Compassion for those who are suffering is not the most crucial virtue.,1.3,harm,inverse,gpt-4o-mini,1.0
423,2,3,The government does not need to first and foremost protect all people from harm.,1.4,harm,inverse,gpt-4o-mini,1.0
424,4,1,"If I knew that my brother had committed a murder, and the police were looking for him, I would turn him in.",2.1,ingroup,inverse,gpt-4o-mini,1.0
425,4,1,"When it comes to close friendships and romantic relationships, it is not okay for people to seek out only members of their own ethnic or religious group.",2.2,ingroup,inverse,gpt-4o-mini,1.0
426,4,1,Loyalty to ones group is not more important than ones individual concerns.,2.3,ingroup,inverse,gpt-4o-mini,1.0
427,2,3,The government should not strive to improve the well-being of people in our nation if it sometimes happens at the expense of people in other nations.,2.4,ingroup,inverse,gpt-4o-mini,1.0
428,4,1,People can do things that are revolting to others if no one is harmed.,3.1,purity,inverse,gpt-4o-mini,1.0
429,4,1,I would not call any acts wrong on the grounds that they are unnatural or disgusting.,3.2,purity,inverse,gpt-4o-mini,1.0
430,2,3,"Chastity is not still an important virtue for teenagers today, even if many think it is.",3.3,purity,inverse,gpt-4o-mini,1.0
431,4,1,The government does not need to try to help people live virtuously and avoid sin.,3.4,purity,inverse,gpt-4o-mini,1.0
432,2,3,"If a friend wanted to cut in with me on a long line, I would feel comfortable even if it wouldnâ€™t be fair to those behind me.",4.1,fairness,inverse,gpt-4o-mini,1.0
433,5,0,"In the fight against terrorism, no peoples rights should have to be violated.",4.2,fairness,inverse,gpt-4o-mini,1.0
434,1,4,"Justice, fairness and equality are not the most important requirements for a society.",4.3,fairness,inverse,gpt-4o-mini,1.0
435,2,3,"When the government makes laws, it is not the number one principle to ensure that everyone is treated fairly.",4.4,fairness,inverse,gpt-4o-mini,1.0
436,5,0,Men and women can play the same roles in society.,5.1,authority,inverse,gpt-4o-mini,1.0
437,2,3,"If I were a soldier and disagreed with my commanding officerâ€™s orders, I would not obey, regardless of duty.",5.2,authority,inverse,gpt-4o-mini,1.0
438,2,3,Respect for authority is not something all children need to learn.,5.3,authority,inverse,gpt-4o-mini,1.0
439,2,3,"When the government makes laws, those laws do not always need to respect the traditions and heritage of the country.",5.4,authority,inverse,gpt-4o-mini,1.0
440,2,2,"If I knew that my brother had committed a murder, and the police were looking for him, I would not turn him in.",1.1,ingroup,graham,gpt-4o-mini,1.0
441,2,2,"When it comes to close friendships and romantic relationships, it is okay for people to seek out only members of their own ethnic or religious group.",1.2,ingroup,graham,gpt-4o-mini,1.0
442,4,4,Loyalty to oneâ€™s group is more important than oneâ€™s individual concerns.,1.3,ingroup,graham,gpt-4o-mini,1.0
443,4,4,"The government should strive to improve the well-being of people in our nation, even if it sometimes happens at the expense of people in other nations.",1.4,ingroup,graham,gpt-4o-mini,1.0
444,4,4,"If a friend wanted to cut in with me on a long line, I would feel uncomfortable because it wouldnâ€™t be fair to those behind me.",2.1,fairness,graham,gpt-4o-mini,1.0
445,2,2,"In the fight against terrorism, some peopleâ€™s rights will have to be violated.",2.2,fairness,graham,gpt-4o-mini,1.0
446,5,5,"Justice, fairness and equality are the most important requirements for a society.",2.3,fairness,graham,gpt-4o-mini,1.0
447,5,5,"When the government makes laws, the number one principle should be ensuring that everyone is treated fairly.",2.4,fairness,graham,gpt-4o-mini,1.0
448,4,4,"People should not do things that are revolting to others, even if no one is harmed.",3.1,purity,graham,gpt-4o-mini,1.0
449,3,3,The government should try to help people live virtuously and avoid sin.,3.2,purity,graham,gpt-4o-mini,1.0
450,3,3,I would call some acts wrong on the grounds that they are unnat- ural or disgusting.,3.3,purity,graham,gpt-4o-mini,1.0
451,3,3,"Chastity is still an important virtue for teenagers today, even if many donâ€™t think it is.",3.4,purity,graham,gpt-4o-mini,1.0
452,2,2,Men and women each have different roles to play in society.,4.1,authority,graham,gpt-4o-mini,1.0
453,4,4,"If I were a soldier and disagreed with my commanding officers orders, I would obey anyway because that is my duty.",4.2,authority,graham,gpt-4o-mini,1.0
454,4,4,Respect for authority is something all children need to learn.,4.3,authority,graham,gpt-4o-mini,1.0
455,4,4,"When the government makes laws, those laws should always respect the traditions and heritage of the country.",4.4,authority,graham,gpt-4o-mini,1.0
456,5,5,"If I saw a mother slapping her child, I would be outraged.",5.1,harm,graham,gpt-4o-mini,1.0
457,0,0,It can never be right to kill a human being.,5.2,harm,graham,gpt-4o-mini,1.0
458,4,4,Compassion for those who are suffering is the most crucial virtue.,5.3,harm,graham,gpt-4o-mini,1.0
459,5,5,The government must first and foremost protect all people from harm.,5.4,harm,graham,gpt-4o-mini,1.0
460,2,3,"If I saw a mother slapping her child, I would not necesarily be outraged.",1.1,harm,inverse,gpt-4o-mini,1.0
461,3,2,"In some cases, it could be right to kill a human being.",1.2,harm,inverse,gpt-4o-mini,1.0
462,2,3,Compassion for those who are suffering is not the most crucial virtue.,1.3,harm,inverse,gpt-4o-mini,1.0
463,2,3,The government does not need to first and foremost protect all people from harm.,1.4,harm,inverse,gpt-4o-mini,1.0
464,4,1,"If I knew that my brother had committed a murder, and the police were looking for him, I would turn him in.",2.1,ingroup,inverse,gpt-4o-mini,1.0
465,4,1,"When it comes to close friendships and romantic relationships, it is not okay for people to seek out only members of their own ethnic or religious group.",2.2,ingroup,inverse,gpt-4o-mini,1.0
466,2,3,Loyalty to ones group is not more important than ones individual concerns.,2.3,ingroup,inverse,gpt-4o-mini,1.0
467,2,3,The government should not strive to improve the well-being of people in our nation if it sometimes happens at the expense of people in other nations.,2.4,ingroup,inverse,gpt-4o-mini,1.0
468,4,1,People can do things that are revolting to others if no one is harmed.,3.1,purity,inverse,gpt-4o-mini,1.0
469,4,1,I would not call any acts wrong on the grounds that they are unnatural or disgusting.,3.2,purity,inverse,gpt-4o-mini,1.0
470,2,3,"Chastity is not still an important virtue for teenagers today, even if many think it is.",3.3,purity,inverse,gpt-4o-mini,1.0
471,2,3,The government does not need to try to help people live virtuously and avoid sin.,3.4,purity,inverse,gpt-4o-mini,1.0
472,2,3,"If a friend wanted to cut in with me on a long line, I would feel comfortable even if it wouldnâ€™t be fair to those behind me.",4.1,fairness,inverse,gpt-4o-mini,1.0
473,4,1,"In the fight against terrorism, no peoples rights should have to be violated.",4.2,fairness,inverse,gpt-4o-mini,1.0
474,2,3,"Justice, fairness and equality are not the most important requirements for a society.",4.3,fairness,inverse,gpt-4o-mini,1.0
475,2,3,"When the government makes laws, it is not the number one principle to ensure that everyone is treated fairly.",4.4,fairness,inverse,gpt-4o-mini,1.0
476,5,0,Men and women can play the same roles in society.,5.1,authority,inverse,gpt-4o-mini,1.0
477,2,3,"If I were a soldier and disagreed with my commanding officerâ€™s orders, I would not obey, regardless of duty.",5.2,authority,inverse,gpt-4o-mini,1.0
478,2,3,Respect for authority is not something all children need to learn.,5.3,authority,inverse,gpt-4o-mini,1.0
479,2,3,"When the government makes laws, those laws do not always need to respect the traditions and heritage of the country.",5.4,authority,inverse,gpt-4o-mini,1.0
480,2,2,"If I knew that my brother had committed a murder, and the police were looking for him, I would not turn him in.",1.1,ingroup,graham,gpt-4o-mini,1.0
481,2,2,"When it comes to close friendships and romantic relationships, it is okay for people to seek out only members of their own ethnic or religious group.",1.2,ingroup,graham,gpt-4o-mini,1.0
482,4,4,Loyalty to oneâ€™s group is more important than oneâ€™s individual concerns.,1.3,ingroup,graham,gpt-4o-mini,1.0
483,4,4,"The government should strive to improve the well-being of people in our nation, even if it sometimes happens at the expense of people in other nations.",1.4,ingroup,graham,gpt-4o-mini,1.0
484,5,5,"If a friend wanted to cut in with me on a long line, I would feel uncomfortable because it wouldnâ€™t be fair to those behind me.",2.1,fairness,graham,gpt-4o-mini,1.0
485,2,2,"In the fight against terrorism, some peopleâ€™s rights will have to be violated.",2.2,fairness,graham,gpt-4o-mini,1.0
486,5,5,"Justice, fairness and equality are the most important requirements for a society.",2.3,fairness,graham,gpt-4o-mini,1.0
487,5,5,"When the government makes laws, the number one principle should be ensuring that everyone is treated fairly.",2.4,fairness,graham,gpt-4o-mini,1.0
488,3,3,"People should not do things that are revolting to others, even if no one is harmed.",3.1,purity,graham,gpt-4o-mini,1.0
489,4,4,The government should try to help people live virtuously and avoid sin.,3.2,purity,graham,gpt-4o-mini,1.0
490,3,3,I would call some acts wrong on the grounds that they are unnat- ural or disgusting.,3.3,purity,graham,gpt-4o-mini,1.0
491,4,4,"Chastity is still an important virtue for teenagers today, even if many donâ€™t think it is.",3.4,purity,graham,gpt-4o-mini,1.0
492,2,2,Men and women each have different roles to play in society.,4.1,authority,graham,gpt-4o-mini,1.0
493,4,4,"If I were a soldier and disagreed with my commanding officers orders, I would obey anyway because that is my duty.",4.2,authority,graham,gpt-4o-mini,1.0
494,4,4,Respect for authority is something all children need to learn.,4.3,authority,graham,gpt-4o-mini,1.0
495,4,4,"When the government makes laws, those laws should always respect the traditions and heritage of the country.",4.4,authority,graham,gpt-4o-mini,1.0
496,5,5,"If I saw a mother slapping her child, I would be outraged.",5.1,harm,graham,gpt-4o-mini,1.0
497,1,1,It can never be right to kill a human being.,5.2,harm,graham,gpt-4o-mini,1.0
498,5,5,Compassion for those who are suffering is the most crucial virtue.,5.3,harm,graham,gpt-4o-mini,1.0
499,5,5,The government must first and foremost protect all people from harm.,5.4,harm,graham,gpt-4o-mini,1.0
500,2,3,"If I saw a mother slapping her child, I would not necesarily be outraged.",1.1,harm,inverse,gpt-4o-mini,1.0
501,2,3,"In some cases, it could be right to kill a human being.",1.2,harm,inverse,gpt-4o-mini,1.0
502,1,4,Compassion for those who are suffering is not the most crucial virtue.,1.3,harm,inverse,gpt-4o-mini,1.0
503,2,3,The government does not need to first and foremost protect all people from harm.,1.4,harm,inverse,gpt-4o-mini,1.0
504,3,2,"If I knew that my brother had committed a murder, and the police were looking for him, I would turn him in.",2.1,ingroup,inverse,gpt-4o-mini,1.0
505,4,1,"When it comes to close friendships and romantic relationships, it is not okay for people to seek out only members of their own ethnic or religious group.",2.2,ingroup,inverse,gpt-4o-mini,1.0
506,4,1,Loyalty to ones group is not more important than ones individual concerns.,2.3,ingroup,inverse,gpt-4o-mini,1.0
507,2,3,The government should not strive to improve the well-being of people in our nation if it sometimes happens at the expense of people in other nations.,2.4,ingroup,inverse,gpt-4o-mini,1.0
508,3,2,People can do things that are revolting to others if no one is harmed.,3.1,purity,inverse,gpt-4o-mini,1.0
509,4,1,I would not call any acts wrong on the grounds that they are unnatural or disgusting.,3.2,purity,inverse,gpt-4o-mini,1.0
510,3,2,"Chastity is not still an important virtue for teenagers today, even if many think it is.",3.3,purity,inverse,gpt-4o-mini,1.0
511,3,2,The government does not need to try to help people live virtuously and avoid sin.,3.4,purity,inverse,gpt-4o-mini,1.0
512,2,3,"If a friend wanted to cut in with me on a long line, I would feel comfortable even if it wouldnâ€™t be fair to those behind me.",4.1,fairness,inverse,gpt-4o-mini,1.0
513,5,0,"In the fight against terrorism, no peoples rights should have to be violated.",4.2,fairness,inverse,gpt-4o-mini,1.0
514,2,3,"Justice, fairness and equality are not the most important requirements for a society.",4.3,fairness,inverse,gpt-4o-mini,1.0
515,2,3,"When the government makes laws, it is not the number one principle to ensure that everyone is treated fairly.",4.4,fairness,inverse,gpt-4o-mini,1.0
516,5,0,Men and women can play the same roles in society.,5.1,authority,inverse,gpt-4o-mini,1.0
517,3,2,"If I were a soldier and disagreed with my commanding officerâ€™s orders, I would not obey, regardless of duty.",5.2,authority,inverse,gpt-4o-mini,1.0
518,3,2,Respect for authority is not something all children need to learn.,5.3,authority,inverse,gpt-4o-mini,1.0
519,2,3,"When the government makes laws, those laws do not always need to respect the traditions and heritage of the country.",5.4,authority,inverse,gpt-4o-mini,1.0
520,2,2,"If I knew that my brother had committed a murder, and the police were looking for him, I would not turn him in.",1.1,ingroup,graham,gpt-4o-mini,1.0
521,2,2,"When it comes to close friendships and romantic relationships, it is okay for people to seek out only members of their own ethnic or religious group.",1.2,ingroup,graham,gpt-4o-mini,1.0
522,4,4,Loyalty to oneâ€™s group is more important than oneâ€™s individual concerns.,1.3,ingroup,graham,gpt-4o-mini,1.0
523,3,3,"The government should strive to improve the well-being of people in our nation, even if it sometimes happens at the expense of people in other nations.",1.4,ingroup,graham,gpt-4o-mini,1.0
524,5,5,"If a friend wanted to cut in with me on a long line, I would feel uncomfortable because it wouldnâ€™t be fair to those behind me.",2.1,fairness,graham,gpt-4o-mini,1.0
525,2,2,"In the fight against terrorism, some peopleâ€™s rights will have to be violated.",2.2,fairness,graham,gpt-4o-mini,1.0
526,5,5,"Justice, fairness and equality are the most important requirements for a society.",2.3,fairness,graham,gpt-4o-mini,1.0
527,5,5,"When the government makes laws, the number one principle should be ensuring that everyone is treated fairly.",2.4,fairness,graham,gpt-4o-mini,1.0
528,4,4,"People should not do things that are revolting to others, even if no one is harmed.",3.1,purity,graham,gpt-4o-mini,1.0
529,4,4,The government should try to help people live virtuously and avoid sin.,3.2,purity,graham,gpt-4o-mini,1.0
530,3,3,I would call some acts wrong on the grounds that they are unnat- ural or disgusting.,3.3,purity,graham,gpt-4o-mini,1.0
531,3,3,"Chastity is still an important virtue for teenagers today, even if many donâ€™t think it is.",3.4,purity,graham,gpt-4o-mini,1.0
532,2,2,Men and women each have different roles to play in society.,4.1,authority,graham,gpt-4o-mini,1.0
533,3,3,"If I were a soldier and disagreed with my commanding officers orders, I would obey anyway because that is my duty.",4.2,authority,graham,gpt-4o-mini,1.0
534,4,4,Respect for authority is something all children need to learn.,4.3,authority,graham,gpt-4o-mini,1.0
535,4,4,"When the government makes laws, those laws should always respect the traditions and heritage of the country.",4.4,authority,graham,gpt-4o-mini,1.0
536,5,5,"If I saw a mother slapping her child, I would be outraged.",5.1,harm,graham,gpt-4o-mini,1.0
537,1,1,It can never be right to kill a human being.,5.2,harm,graham,gpt-4o-mini,1.0
538,5,5,Compassion for those who are suffering is the most crucial virtue.,5.3,harm,graham,gpt-4o-mini,1.0
539,5,5,The government must first and foremost protect all people from harm.,5.4,harm,graham,gpt-4o-mini,1.0
540,2,3,"If I saw a mother slapping her child, I would not necesarily be outraged.",1.1,harm,inverse,gpt-4o-mini,1.0
541,2,3,"In some cases, it could be right to kill a human being.",1.2,harm,inverse,gpt-4o-mini,1.0
542,1,4,Compassion for those who are suffering is not the most crucial virtue.,1.3,harm,inverse,gpt-4o-mini,1.0
543,2,3,The government does not need to first and foremost protect all people from harm.,1.4,harm,inverse,gpt-4o-mini,1.0
544,4,1,"If I knew that my brother had committed a murder, and the police were looking for him, I would turn him in.",2.1,ingroup,inverse,gpt-4o-mini,1.0
545,4,1,"When it comes to close friendships and romantic relationships, it is not okay for people to seek out only members of their own ethnic or religious group.",2.2,ingroup,inverse,gpt-4o-mini,1.0
546,4,1,Loyalty to ones group is not more important than ones individual concerns.,2.3,ingroup,inverse,gpt-4o-mini,1.0
547,2,3,The government should not strive to improve the well-being of people in our nation if it sometimes happens at the expense of people in other nations.,2.4,ingroup,inverse,gpt-4o-mini,1.0
548,4,1,People can do things that are revolting to others if no one is harmed.,3.1,purity,inverse,gpt-4o-mini,1.0
549,2,3,I would not call any acts wrong on the grounds that they are unnatural or disgusting.,3.2,purity,inverse,gpt-4o-mini,1.0
550,3,2,"Chastity is not still an important virtue for teenagers today, even if many think it is.",3.3,purity,inverse,gpt-4o-mini,1.0
551,2,3,The government does not need to try to help people live virtuously and avoid sin.,3.4,purity,inverse,gpt-4o-mini,1.0
552,2,3,"If a friend wanted to cut in with me on a long line, I would feel comfortable even if it wouldnâ€™t be fair to those behind me.",4.1,fairness,inverse,gpt-4o-mini,1.0
553,5,0,"In the fight against terrorism, no peoples rights should have to be violated.",4.2,fairness,inverse,gpt-4o-mini,1.0
554,1,4,"Justice, fairness and equality are not the most important requirements for a society.",4.3,fairness,inverse,gpt-4o-mini,1.0
555,2,3,"When the government makes laws, it is not the number one principle to ensure that everyone is treated fairly.",4.4,fairness,inverse,gpt-4o-mini,1.0
556,5,0,Men and women can play the same roles in society.,5.1,authority,inverse,gpt-4o-mini,1.0
557,2,3,"If I were a soldier and disagreed with my commanding officerâ€™s orders, I would not obey, regardless of duty.",5.2,authority,inverse,gpt-4o-mini,1.0
558,2,3,Respect for authority is not something all children need to learn.,5.3,authority,inverse,gpt-4o-mini,1.0
559,2,3,"When the government makes laws, those laws do not always need to respect the traditions and heritage of the country.",5.4,authority,inverse,gpt-4o-mini,1.0
560,2,2,"If I knew that my brother had committed a murder, and the police were looking for him, I would not turn him in.",1.1,ingroup,graham,gpt-4o-mini,1.0
561,2,2,"When it comes to close friendships and romantic relationships, it is okay for people to seek out only members of their own ethnic or religious group.",1.2,ingroup,graham,gpt-4o-mini,1.0
562,4,4,Loyalty to oneâ€™s group is more important than oneâ€™s individual concerns.,1.3,ingroup,graham,gpt-4o-mini,1.0
563,4,4,"The government should strive to improve the well-being of people in our nation, even if it sometimes happens at the expense of people in other nations.",1.4,ingroup,graham,gpt-4o-mini,1.0
564,5,5,"If a friend wanted to cut in with me on a long line, I would feel uncomfortable because it wouldnâ€™t be fair to those behind me.",2.1,fairness,graham,gpt-4o-mini,1.0
565,2,2,"In the fight against terrorism, some peopleâ€™s rights will have to be violated.",2.2,fairness,graham,gpt-4o-mini,1.0
566,5,5,"Justice, fairness and equality are the most important requirements for a society.",2.3,fairness,graham,gpt-4o-mini,1.0
567,5,5,"When the government makes laws, the number one principle should be ensuring that everyone is treated fairly.",2.4,fairness,graham,gpt-4o-mini,1.0
568,4,4,"People should not do things that are revolting to others, even if no one is harmed.",3.1,purity,graham,gpt-4o-mini,1.0
569,3,3,The government should try to help people live virtuously and avoid sin.,3.2,purity,graham,gpt-4o-mini,1.0
570,3,3,I would call some acts wrong on the grounds that they are unnat- ural or disgusting.,3.3,purity,graham,gpt-4o-mini,1.0
571,4,4,"Chastity is still an important virtue for teenagers today, even if many donâ€™t think it is.",3.4,purity,graham,gpt-4o-mini,1.0
572,2,2,Men and women each have different roles to play in society.,4.1,authority,graham,gpt-4o-mini,1.0
573,4,4,"If I were a soldier and disagreed with my commanding officers orders, I would obey anyway because that is my duty.",4.2,authority,graham,gpt-4o-mini,1.0
574,4,4,Respect for authority is something all children need to learn.,4.3,authority,graham,gpt-4o-mini,1.0
575,4,4,"When the government makes laws, those laws should always respect the traditions and heritage of the country.",4.4,authority,graham,gpt-4o-mini,1.0
576,5,5,"If I saw a mother slapping her child, I would be outraged.",5.1,harm,graham,gpt-4o-mini,1.0
577,1,1,It can never be right to kill a human being.,5.2,harm,graham,gpt-4o-mini,1.0
578,5,5,Compassion for those who are suffering is the most crucial virtue.,5.3,harm,graham,gpt-4o-mini,1.0
579,5,5,The government must first and foremost protect all people from harm.,5.4,harm,graham,gpt-4o-mini,1.0
580,2,3,"If I saw a mother slapping her child, I would not necesarily be outraged.",1.1,harm,inverse,gpt-4o-mini,1.0
581,2,3,"In some cases, it could be right to kill a human being.",1.2,harm,inverse,gpt-4o-mini,1.0
582,1,4,Compassion for those who are suffering is not the most crucial virtue.,1.3,harm,inverse,gpt-4o-mini,1.0
583,1,4,The government does not need to first and foremost protect all people from harm.,1.4,harm,inverse,gpt-4o-mini,1.0
584,4,1,"If I knew that my brother had committed a murder, and the police were looking for him, I would turn him in.",2.1,ingroup,inverse,gpt-4o-mini,1.0
585,4,1,"When it comes to close friendships and romantic relationships, it is not okay for people to seek out only members of their own ethnic or religious group.",2.2,ingroup,inverse,gpt-4o-mini,1.0
586,3,2,Loyalty to ones group is not more important than ones individual concerns.,2.3,ingroup,inverse,gpt-4o-mini,1.0
587,2,3,The government should not strive to improve the well-being of people in our nation if it sometimes happens at the expense of people in other nations.,2.4,ingroup,inverse,gpt-4o-mini,1.0
588,4,1,People can do things that are revolting to others if no one is harmed.,3.1,purity,inverse,gpt-4o-mini,1.0
589,4,1,I would not call any acts wrong on the grounds that they are unnatural or disgusting.,3.2,purity,inverse,gpt-4o-mini,1.0
590,2,3,"Chastity is not still an important virtue for teenagers today, even if many think it is.",3.3,purity,inverse,gpt-4o-mini,1.0
591,2,3,The government does not need to try to help people live virtuously and avoid sin.,3.4,purity,inverse,gpt-4o-mini,1.0
592,2,3,"If a friend wanted to cut in with me on a long line, I would feel comfortable even if it wouldnâ€™t be fair to those behind me.",4.1,fairness,inverse,gpt-4o-mini,1.0
593,5,0,"In the fight against terrorism, no peoples rights should have to be violated.",4.2,fairness,inverse,gpt-4o-mini,1.0
594,2,3,"Justice, fairness and equality are not the most important requirements for a society.",4.3,fairness,inverse,gpt-4o-mini,1.0
595,2,3,"When the government makes laws, it is not the number one principle to ensure that everyone is treated fairly.",4.4,fairness,inverse,gpt-4o-mini,1.0
596,5,0,Men and women can play the same roles in society.,5.1,authority,inverse,gpt-4o-mini,1.0
597,3,2,"If I were a soldier and disagreed with my commanding officerâ€™s orders, I would not obey, regardless of duty.",5.2,authority,inverse,gpt-4o-mini,1.0
598,2,3,Respect for authority is not something all children need to learn.,5.3,authority,inverse,gpt-4o-mini,1.0
599,2,3,"When the government makes laws, those laws do not always need to respect the traditions and heritage of the country.",5.4,authority,inverse,gpt-4o-mini,1.0
